body,brand,cit,color,gear,price,usage,year
یک لکه رنگ,دنا معمولی 1700cc,تبریز,سفید,دنده‌ای,۱۰۳٫۰۰۰٫۰۰۰ تومان,۸۰٫۰۰۰,۲۰۱۶ - ۱۳۹۵
دنده‌ای,دنا معمولی 1700cc,تبریز,بدون رنگ,۱۲۵٫۰۰۰٫۰۰۰ تومان,سنسور عقب و جلو ، کروز کنترل ، صندلی برقی ، آینه تاشو برقی ، کول باکس,۳۰٫۰۰۰,۲۰۱۸ - ۱۳۹۷
دنده‌ای,دنا معمولی 1700cc,اصفهان، سپاهان شهر,بدون رنگ,۱۱۶٫۸۰۰٫۰۰۰ تومان,۴۲٫۰۰۰,,۲۰۱۷ - ۱۳۹۶
,,,,,,,
بدون رنگ,دنا معمولی 1700cc,تهران، نارمک,نقدی و قسطی,دنده‌ای,توافقی,۰,۲۰۱۸ - ۱۳۹۷
دو لکه رنگ,دنا معمولی 1700cc,تهران، ازگل,خاکستری,دنده‌ای,۱۲۰٫۰۰۰٫۰۰۰ تومان,۲۲٫۰۰۰,۲۰۱۸ - ۱۳۹۷
بدون رنگ,دنا معمولی 1700cc,تهران، صادقیه,سفید,دنده‌ای,۱۲۰٫۰۰۰٫۰۰۰ تومان,۰,۲۰۱۹ - ۱۳۹۸
بدون رنگ,دنا معمولی,کرج، جهانشهر,سفید,دنده‌ای,۱۱۴٫۰۰۰٫۰۰۰ تومان,سنسور عقب و جلو ، کروز کنترل ، رادار ، صندلی برقی ، آینه تاشو برقی,۲۰۱۷ - ۱۳۹۶
بدون رنگ,دنا معمولی 1700cc,تهران، زهتابی,مشکی,دنده‌ای,۱۱۲٫۰۰۰٫۰۰۰ تومان,۲۹٫۰۰۰,۲۰۱۷ - ۱۳۹۶
بدون رنگ,دنا معمولی 1700cc,تهران، ولنجک,سفید,دنده‌ای,۱۳٫۰۰۰,,۲۰۱۸ - ۱۳۹۷
دنده‌ای,دنا معمولی 1700cc,تهران، سید خندان,بدون رنگ,توافقی,۰,,۲۰۱۹ - ۱۳۹۸
دنده‌ای,دنا معمولی 1700cc,تهران، آرژانتین,بدون رنگ,توافقی,۰,,۲۰۱۹ - ۱۳۹۸
دو لکه رنگ,دنا معمولی 1700cc,تهران، آهنگ,سفید,دنده‌ای,۱۰۸٫۰۰۰٫۰۰۰ تومان,فرمان برقی ، سنسور عقب و جلو ، کروز کنترل ، صندلی برقی ، آینه تاشو برقی,۲۰۱۷ - ۱۳۹۶
دنده‌ای,دنا معمولی,تهران، آذربایجان,سفید,۱۱٫۱۱۱٫۱۱۱ تومان,۰,,۲۰۱۹ - ۱۳۹۸
۳۰۱,دنا معمولی 1700cc,تهران، پرند,سنسور عقب و جلو ، کولر دوال ، صندلی کودک ، صندلی برقی ، آینه تاشو برقی,,,,۲۰۱۹ - ۱۳۹۸
بدون رنگ,دنا معمولی 1700cc,تهران، توحید,سفید,دنده‌ای,۰,,۲۰۱۹ - ۱۳۹۸
بدون رنگ,دنا معمولی 1700cc,تهران، کوهک,مشکی,دنده‌ای,۱۱۴٫۰۰۰٫۰۰۰ تومان,کروز کنترل ، صندلی برقی ، آینه تاشو برقی,۲۰۱۷ - ۱۳۹۶
دو لکه رنگ,دنا معمولی 1700cc,تهران، علم و صنعت,نقره‌ای,دنده‌ای,۹۵٫۴۰۰٫۰۰۰ تومان,سنسور عقب و جلو ، کولر دوال ، کروز کنترل ، دی لایت ، صندلی برقی ، آینه تاشو برقی,۲۰۱۶ - ۱۳۹۵
نقدی و قسطی,فروشی,تهران، فاطمی,خاکستری,بدون رنگ,دنده‌ای,توافقی,دنا معمولی 1700cc
نقدی,فروشی,تهران، جمال‌زاده,مشکی,بدون رنگ,دنده‌ای,توافقی,دنا معمولی 1700cc
بدون رنگ,دنا معمولی,تهران، ستارخان,سفید,دنده‌ای,۱۲۹٫۰۰۰٫۰۰۰ تومان,۰,۲۰۱۹ - ۱۳۹۸
توافقی,دنا معمولی 1700cc,تهران، آرژانتین,دنده‌ای,۰,,,۲۰۱۹ - ۱۳۹۸
بدون رنگ,دنا معمولی,تهران، فاطمی,سرمه‌ای,دنده‌ای,۱۲۶٫۰۰۰٫۰۰۰ تومان,صندلی برقی ، آینه تاشو برقی,۲۰۱۹ - ۱۳۹۸
بدون رنگ,دنا معمولی 1700cc,تهران، میدان آزادی,سفید,دنده‌ای,۸۰٫۰۰۰٫۰۰۰ تومان,۰,۲۰۱۹ - ۱۳۹۸
بدون رنگ,دنا معمولی 1700cc,تهران، صادقیه,نقدی,دنده‌ای,توافقی,سنسور عقب و جلو ، صندلی برقی ، آینه تاشو برقی ، ترمز دستی برقی,۲۰۱۹ - ۱۳۹۸
بدون رنگ,دنا معمولی 1700cc,تهران، مجیدیه,آبی,دنده‌ای,۰,,۲۰۱۹ - ۱۳۹۸
دنده‌ای,دنا معمولی 1700cc,تهران، نارمک,بدون رنگ,۷۰٫۰۰۰٫۰۰۰ تومان,۰,,۲۰۱۹ - ۱۳۹۸
بدون رنگ,فروشی,تهران، قلهک,نقدی و قسطی,دنده‌ای,توافقی,۰,دنا معمولی 1700cc
۰,فروشی,تهران، نارمک,توافقی,,,,دنا معمولی 1700cc
بدون رنگ,دنا معمولی 1700cc,تهران، صادقیه,نقدی,دنده‌ای,توافقی,۰,۲۰۱۹ - ۱۳۹۸
بدون رنگ,فروشی,تهران، قلهک,نقدی و قسطی,دنده‌ای,توافقی,۰,دنا معمولی 1700cc
بدون رنگ,دنا معمولی,کرمانشاه,سفید,دنده‌ای,۱۲۵٫۰۰۰٫۰۰۰ تومان,کولر دوال ، دی لایت ، آینه تاشو برقی ، ترمز دستی برقی,۲۰۱۹ - ۱۳۹۸
بدون رنگ,فروشی,تهران، قلهک,نقدی و قسطی,دنده‌ای,توافقی,۰,دنا معمولی 1700cc
بدون رنگ,دنا معمولی,کرمانشاه,سفید,دنده‌ای,۱۲۴٫۰۰۰٫۰۰۰ تومان,۰,۲۰۱۹ - ۱۳۹۸
بدون رنگ,دنا معمولی,تهران، نارمک,نقدی,دنده‌ای,توافقی,سنسور عقب و جلو ، کولر دوال ، دی لایت ، صندلی برقی ، آینه تاشو برقی,۲۰۱۹ - ۱۳۹۸
چند لکه رنگ,دنا معمولی,کرمانشاه,قهوه‌ای,دنده‌ای,۹۲٫۰۰۰٫۰۰۰ تومان,سنسور عقب و جلو ، کولر دوال ، کروز کنترل ، صندلی کودک ، صندلی برقی ، آینه تاشو برقی ، کول باکس ، دوربین 360 درجه,۲۰۱۶ - ۱۳۹۵
بدون رنگ,دنا معمولی 1700cc,کرمانشاه,سفید,دنده‌ای,۹۶٫۰۰۰٫۰۰۰ تومان,۱۵۰٫۰۰۰,۲۰۱۵ - ۱۳۹۴
بدون رنگ,دنا معمولی 1700cc,کرمانشاه,مشکی,دنده‌ای,۱۲۵٫۰۰۰٫۰۰۰ تومان,۰,۲۰۱۹ - ۱۳۹۸
دو لکه رنگ,دنا معمولی,کرمانشاه,سفید,دنده‌ای,۹۰٫۰۰۰٫۰۰۰ تومان,۱۰۶٫۰۰۰,۲۰۱۵ - ۱۳۹۴
دنده‌ای,دنا معمولی 1700cc,کرمانشاه,سفید,۹۶٫۵۰۰٫۰۰۰ تومان,سنسور عقب و جلو ، کولر دوال ، کروز کنترل ، دی لایت ، صندلی کودک ، صندلی برقی ، آینه تاشو برقی ، کول باکس ، دوربین 360 درجه,۹۸,۲۰۱۶ - ۱۳۹۵
دو لکه رنگ,دنا معمولی 1700cc,کرمانشاه,سفید,دنده‌ای,۱۰۰٫۰۰۰٫۰۰۰ تومان,سنسور عقب و جلو ، کروز کنترل ، رادار ، صندلی برقی ، آینه تاشو برقی,۲۰۱۶ - ۱۳۹۵
بدون رنگ,دنا معمولی 1700cc,کرمانشاه,خاکستری,دنده‌ای,۱۲۳٫۵۰۰٫۰۰۰ تومان,۰,۲۰۱۹ - ۱۳۹۸
بدون رنگ,دنا معمولی,کرمانشاه,مشکی,دنده‌ای,۱۲۳٫۵۰۰٫۰۰۰ تومان,فرمان برقی ، سنسور عقب و جلو ، کولر دوال ، رادار ، آینه تاشو برقی,۲۰۱۹ - ۱۳۹۸
بدون رنگ,دنا معمولی 1700cc,کرمانشاه,آبی,دنده‌ای,۱۱۰٫۰۰۰٫۰۰۰ تومان,فرمان برقی ، سنسور عقب و جلو ، کولر دوال ، کروز کنترل ، صندلی کودک ، صندلی برقی ، آینه تاشو برقی,۲۰۱۷ - ۱۳۹۶
بدون رنگ,دنا معمولی,کرمانشاه,سفید,دنده‌ای,۱۰۹٫۰۰۰٫۰۰۰ تومان,۴۵٫۰۰۰,۲۰۱۸ - ۱۳۹۷
,دنا معمولی 1700cc,کرمانشاه,,,,,۲۰۱۹ - ۱۳۹۸
دو برگی,دنا معمولی 1700cc,کرمانشاه,بدون رنگ,۱۰۲٫۰۰۰٫۰۰۰ تومان,سنسور عقب و جلو ، کروز کنترل ، دی لایت ، آینه تاشو برقی ، دوربین 360 درجه,۹۰٫۰۰۰,۲۰۱۵ - ۱۳۹۴
بدون رنگ,دنا معمولی 1700cc,کرمانشاه,خاکستری,دنده‌ای,۰,,۲۰۱۹ - ۱۳۹۸
بدون رنگ,دنا معمولی 1700cc,کرمانشاه,سفید,دنده‌ای,۱۲۶٫۰۰۰٫۰۰۰ تومان,۱٫۲۰۰,۲۰۱۹ - ۱۳۹۸
دنده‌ای,دنا معمولی 1700cc,کرمانشاه,بدون رنگ,۰,,,۲۰۱۹ - ۱۳۹۸
بدون رنگ,دنا معمولی 1700cc,کرج، طالقانی,سفید,دنده‌ای,۱۰۵٫۰۰۰٫۰۰۰ تومان,فرمان برقی ، سنسور عقب و جلو ، کروز کنترل ، صندلی برقی ، آینه تاشو برقی ، حافظه صندلی,۲۰۱۵ - ۱۳۹۴
بدون رنگ,دنا معمولی,کرج، مهرشهر,خاکستری,دنده‌ای,۱۲۵٫۰۰۰٫۰۰۰ تومان,۰,۲۰۱۹ - ۱۳۹۸
بدون رنگ,دنا معمولی,کرج، هشتگرد,سفید,دنده‌ای,۱۲۰٫۰۰۰٫۰۰۰ تومان,۱۰٫۰۰۰,۲۰۱۹ - ۱۳۹۸
یک لکه رنگ,دنا معمولی,کرج، گوهردشت,سفید,دنده‌ای,۱۰۵٫۰۰۰٫۰۰۰ تومان,سنسور عقب و جلو ، دی لایت ، صندلی برقی ، آینه تاشو برقی,۲۰۱۶ - ۱۳۹۵
,,,,,,,
بدون رنگ,دنا معمولی 1700cc,کرج، شاهین ویلا,سفید,دنده‌ای,۹۹٫۲۰۰٫۰۰۰ تومان,۷۰,۲۰۱۶ - ۱۳۹۵
بدون رنگ,دنا معمولی 1700cc,کرج، حصارک,سفید,دنده‌ای,۱۰۰٫۰۰۰٫۰۰۰ تومان,سنسور عقب و جلو ، کروز کنترل ، صندلی برقی ، آینه تاشو برقی,۲۰۱۷ - ۱۳۹۶
دنده‌ای,دنا معمولی 1700cc,مشهد، بلوار ایرج میرزا,سفید,۳۰,,,۲۰۱۹ - ۱۳۹۸
بدون رنگ,دنا معمولی 1700cc,مشهد، بلوار الهیه,سفید,دنده‌ای,۶۵٫۰۰۰٫۰۰۰ تومان,۰,۲۰۱۹ - ۱۳۹۸
دنده‌ای,دنا معمولی 1700cc,مشهد، هاشمیه,بدون رنگ,۱۲۶٫۰۰۰٫۰۰۰ تومان,۰,,۲۰۱۹ - ۱۳۹۸
,,,,,,,
بدون رنگ,دنا معمولی 1700cc,مشهد، تربت حیدریه,سرمه‌ای,دنده‌ای,۱۱۸٫۰۰۰٫۰۰۰ تومان,فرمان برقی ، سنسور عقب و جلو ، کروز کنترل ، دی لایت ، صندلی برقی ، آینه تاشو برقی,۲۰۱۸ - ۱۳۹۷
,,,,,,,
بدون رنگ,دنا معمولی 1700cc,مشهد، احمدآباد,سفید,دنده‌ای,۱۰۰٫۰۰۰٫۰۰۰ تومان,فرمان برقی ، سنسور عقب و جلو ، کروز کنترل ، دی لایت ، صندلی برقی ، آینه تاشو برقی ، کول باکس ، ترمز دستی برقی ، دوربین 360 درجه,۲۰۱۶ - ۱۳۹۵
بدون رنگ,دنا معمولی 1700cc,مشهد، احمدآباد,نقدی,دنده‌ای,توافقی,۰,۲۰۱۹ - ۱۳۹۸
,دنا معمولی 1700cc,مشهد، بلوار ایرج میرزا,,,,,۲۰۱۹ - ۱۳۹۸
بدون رنگ,دنا معمولی 1700cc,مشهد، کاشمر,نقدی,دنده‌ای,توافقی,۳۴۰,۲۰۱۹ - ۱۳۹۸
دنده‌ای,دنا معمولی 1700cc,مشهد، صیاد شیرازی,بدون رنگ,سنسور عقب و جلو ، کولر دوال ، دی لایت ، صندلی برقی ، آینه تاشو برقی,۰,,۲۰۱۹ - ۱۳۹۸
بدون رنگ,دنا معمولی 1700cc,مشهد، امام رضا,سفید,دنده‌ای,۱۲۲٫۰۰۰٫۰۰۰ تومان,فرمان برقی ، سنسور عقب و جلو ، کولر دوال ، کروز کنترل ، رادار ، دی لایت ، صندلی برقی ، آینه تاشو برقی ، حافظه صندلی ، کول باکس,۲۰۱۸ - ۱۳۹۷
بدون رنگ,دنا معمولی 1700cc,مشهد، تربت حیدریه,سفید,دنده‌ای,۱۲۳٫۰۰۰٫۰۰۰ تومان,۴۰٫۰۰۰,۲۰۱۸ - ۱۳۹۷
توافقی,فروشی,مشهد، فلسطین,دنده‌ای,۰,,,دنا معمولی
بدون رنگ,دنا معمولی,مشهد، بلوار فردوسی,سفید,دنده‌ای,۱۳۰٫۰۰۰٫۰۰۰ تومان,سرد کن/گرم کن صندلی و فرمان ، کولر دوال ، اتو هلد ، دی لایت ، آینه تاشو برقی ، ترمز دستی برقی,۲۰۱۹ - ۱۳۹۸
بدون رنگ,دنا معمولی 1700cc,مشهد، آزادشهر,آبی,دنده‌ای,۹۵٫۰۰۰٫۰۰۰ تومان,۱۹۰٫۰۰۰,۲۰۱۵ - ۱۳۹۴
,,,,,,,
بدون رنگ,دنا معمولی 1700cc,مشهد، احمدآباد,سفید,دنده‌ای,۰,,۲۰۱۹ - ۱۳۹۸
بدون رنگ,دنا معمولی 1700cc,مشهد، کوهسنگی,سفید,دنده‌ای,۰,,۲۰۱۹ - ۱۳۹۸
توافقی,دنا معمولی,مشهد، طبرسی,دنده‌ای,۴۹,,,۲۰۱۸ - ۱۳۹۷
بدون رنگ,دنا معمولی,مشهد، قاسم آباد (شهرک غرب),سفید,دنده‌ای,۱۳۰٫۰۰۰٫۰۰۰ تومان,سنسور عقب و جلو ، کروز کنترل ، صندلی برقی ، آینه تاشو برقی ، دوربین 360 درجه,۲۰۱۹ - ۱۳۹۸
بدون رنگ,دنا معمولی 1700cc,مشهد، مطهری شمالی,نقدی,دنده‌ای,توافقی,۰,۲۰۱۹ - ۱۳۹۸
دنده‌ای,دنا معمولی 1700cc,مشهد، قاسم آباد (شهرک غرب),نقدی,توافقی,۰,,۲۰۱۹ - ۱۳۹۸
,,,,,,,
یک لکه رنگ,دنا معمولی 1700cc,مشهد، طلاب,مشکی,دنده‌ای,۹۲٫۵۰۰٫۰۰۰ تومان,فرمان برقی ، کروز کنترل ، صندلی برقی ، آینه تاشو برقی ، دوربین 360 درجه,۲۰۱۵ - ۱۳۹۴
بدون رنگ,دنا معمولی 1700cc,مشهد، کوی مهدی,سفید,دنده‌ای,۱۲۰٫۰۰۰٫۰۰۰ تومان,فرمان برقی ، سنسور عقب و جلو ، کولر دوال ، کروز کنترل ، اتو هلد ، دی لایت ، صندلی برقی ، آینه تاشو برقی ، ترمز دستی برقی ، دوربین 360 درجه,۲۰۱۸ - ۱۳۹۷
بدون رنگ,دنا معمولی 1700cc,مشهد، وکیل آباد,سفید,دنده‌ای,۰,,۲۰۱۹ - ۱۳۹۸
بدون رنگ,دنا معمولی,مشهد، جانباز,مشکی,دنده‌ای,۹۵٫۰۰۰٫۰۰۰ تومان,سنسور عقب و جلو ، کولر دوال ، کروز کنترل ، دی لایت ، صندلی برقی ، آینه تاشو برقی,۲۰۱۵ - ۱۳۹۴
بدون رنگ,دنا معمولی 1700cc,کرج، ماهدشت,نقره‌ای,دنده‌ای,۱۰۵٫۰۰۰٫۰۰۰ تومان,سنسور عقب و جلو ، کروز کنترل ، رادار ، دی لایت ، صندلی برقی ، آینه تاشو برقی ، دوربین 360 درجه,۲۰۱۶ - ۱۳۹۵
بدون رنگ,دنا معمولی 1700cc,کرج، شهر جدید هشتگرد,نقدی,دنده‌ای,توافقی,۶۲٫۰۰۰,۲۰۱۷ - ۱۳۹۶
بدون رنگ,دنا معمولی 1700cc,کرج، شهرک بنفشه,خاکستری,دنده‌ای,۰,,۲۰۱۹ - ۱۳۹۸
دو لکه رنگ,دنا معمولی,کرج، ماهدشت,سفید,دنده‌ای,۹۸٫۰۰۰٫۰۰۰ تومان,۶۱٫۰۰۰,۲۰۱۶ - ۱۳۹۵
,,,,,,,
بدون رنگ,دنا معمولی 1700cc,کرج، خرمدشت,سفید,دنده‌ای,۱۱۵٫۰۰۰٫۰۰۰ تومان,سنسور عقب و جلو ، کولر دوال ، کروز کنترل ، دی لایت ، صندلی برقی ، آینه تاشو برقی ، دوربین 360 درجه,۲۰۱۷ - ۱۳۹۶
بدون رنگ,دنا معمولی 1700cc,کرج، شهرک وحدت,سفید,دنده‌ای,۱۱۰٫۰۰۰٫۰۰۰ تومان,۳۶٫۰۰۰,۲۰۱۸ - ۱۳۹۷
بدون رنگ,دنا معمولی 1700cc,کرج، کمالشهر,نقره‌ای,دنده‌ای,۱۰۲٫۰۰۰٫۰۰۰ تومان,سنسور عقب و جلو ، کروز کنترل ، صندلی برقی ، آینه تاشو برقی ، دوربین 360 درجه,۲۰۱۶ - ۱۳۹۵
بدون رنگ,فروشی,کرج، عظیمیه,نقدی,دنده‌ای,توافقی,۰,دنا معمولی
نقدی,فروشی,کرج، عظیمیه,سفید,بدون رنگ,دنده‌ای,توافقی,دنا معمولی 1700cc
نقدی,فروشی,کرج، عظیمیه,سفید,بدون رنگ,دنده‌ای,توافقی,دنا معمولی 1700cc
بدون رنگ,دنا معمولی 1700cc,کرج، هفت تیر,سفید,دنده‌ای,۰,,۲۰۱۹ - ۱۳۹۸
۰,دنا معمولی,کرج، مهرشهر,۱۰۵٫۰۰۰٫۰۰۰ تومان,,,,۲۰۱۵ - ۱۳۹۴
بدون رنگ,دنا معمولی 1700cc,کرج، گلشهر,خاکستری,دنده‌ای,۱۱۹٫۹۰۰٫۰۰۰ تومان,صندلی برقی ، آینه تاشو برقی,۲۰۱۸ - ۱۳۹۷
بدون رنگ,دنا معمولی,کرج، حصارک,سفید,دنده‌ای,۱۱۵٫۰۰۰٫۰۰۰ تومان,۵۷٫۰۰۰,۲۰۱۸ - ۱۳۹۷
بدون رنگ,دنا معمولی,کرج، شهر جدید اندیشه,سفید,دنده‌ای,۱۱۹٫۰۰۰٫۰۰۰ تومان,فرمان برقی ، سنسور عقب و جلو ، کولر دوال ، کروز کنترل ، رادار ، دی لایت ، صندلی برقی ، آینه تاشو برقی,۲۰۱۸ - ۱۳۹۷
نقدی و قسطی,فروشی,کرج، گوهردشت,مشکی,یک لکه رنگ,دنده‌ای,۹۸٫۵۰۰٫۰۰۰ تومان,دنا معمولی 1700cc
دو لکه رنگ,دنا معمولی 1700cc,کرج، فردیس,سفید,دنده‌ای,۱۰۷٫۰۰۰٫۰۰۰ تومان,۹۰٫۰۰۰,۲۰۱۷ - ۱۳۹۶
بدون رنگ,دنا معمولی 1700cc,کرج، هشتگرد,سفید,دنده‌ای,۰,,۲۰۱۹ - ۱۳۹۸
بدون رنگ,دنا معمولی,کرج، گوهردشت,سفید,دنده‌ای,۱۳۰٫۵۰۰٫۰۰۰ تومان,۰,۲۰۱۹ - ۱۳۹۸
۱۱۹٫۵۰۰٫۰۰۰ تومان,دنا معمولی 1700cc,کرج، گلشهر,دنده‌ای,۳۰٫۰۰۰,,,۲۰۱۸ - ۱۳۹۷
بدون رنگ,دنا معمولی 1700cc,کرج، گلشهر,خاکستری,دنده‌ای,۱۲۲٫۰۰۰٫۰۰۰ تومان,۳۰٫۰۰۰,۲۰۱۸ - ۱۳۹۷
,فروشی,تهران، صادقیه,۰,,,,دنا معمولی 1700cc
نقدی,فروشی,تهران، ستارخان,سفید,بدون رنگ,دنده‌ای,توافقی,دنا معمولی 1700cc
یک لکه رنگ,دنا معمولی 1700cc,کرج، مارلیک,سفید,دنده‌ای,۱۰۷٫۰۰۰٫۰۰۰ تومان,سنسور عقب و جلو ، کولر دوال ، کروز کنترل ، صندلی برقی ، آینه تاشو برقی,۲۰۱۷ - ۱۳۹۶
بدون رنگ,دنا معمولی 1700cc,تهران، وردآورد,سفید,دنده‌ای,سنسور عقب و جلو ، رادار ، دی لایت ، صندلی کودک ، صندلی برقی ، آینه تاشو برقی,۰,۲۰۱۹ - ۱۳۹۸
بدون رنگ,دنا معمولی 1700cc,تهران، آزاد شهر,مشکی,دنده‌ای,۱۰۸٫۰۰۰٫۰۰۰ تومان,۳۳٫۰۰۰,۲۰۱۶ - ۱۳۹۵
,دنا معمولی 1700cc,تهران، نارمک,,,,,۲۰۱۹ - ۱۳۹۸
نقدی,فروشی,کرج، گوهردشت,سفید,بدون رنگ,دنده‌ای,۱۳۴٫۰۰۰٫۰۰۰ تومان,دنا معمولی
بدون رنگ,دنا معمولی 1700cc,تهران، شهرک ولیعصر,نقره‌ای,دنده‌ای,۹۱٫۵۰۰٫۰۰۰ تومان,کروز کنترل ، صندلی برقی ، آینه تاشو برقی,۲۰۱۵ - ۱۳۹۴
بدون رنگ,دنا معمولی,تهران، توحید,نقدی,دنده‌ای,توافقی,۰,۲۰۱۹ - ۱۳۹۸
دنده‌ای,دنا معمولی 1700cc,تهران، شهر ری,مشکی,۹۶٫۵۰۰٫۰۰۰ تومان,۸۵٫۰۰۰,,۲۰۱۶ - ۱۳۹۵
بدون رنگ,دنا معمولی 1700cc,تهران، خانی‌آباد,نوک‌مدادی,دنده‌ای,۱۲۰٫۵۰۰٫۰۰۰ تومان,کروز کنترل ، صندلی برقی ، آینه تاشو برقی,۲۰۱۸ - ۱۳۹۷
نقدی,فروشی,تهران، صادقیه,مشکی,بدون رنگ,دنده‌ای,توافقی,دنا معمولی 1700cc
بدون رنگ,دنا معمولی 1700cc,تهران، پیروزی,سفید,دنده‌ای,۱۱۵٫۰۰۰٫۰۰۰ تومان,۵۱٫۰۰۰,۲۰۱۷ - ۱۳۹۶
نقدی,فروشی,تهران، ونک,سفید,بدون رنگ,دنده‌ای,توافقی,دنا معمولی
تصادفی,دنا معمولی 1700cc,تهران، شهر ری,سفید,دنده‌ای,۷۰٫۰۰۰٫۰۰۰ تومان,۸۰٫۰۰۰,۲۰۱۷ - ۱۳۹۶
دنده‌ای,دنا معمولی 1700cc,تهران، قرچک,سفید,۱۱۲٫۰۰۰٫۰۰۰ تومان,سنسور عقب و جلو ، کروز کنترل ، آینه تاشو برقی ، دوربین 360 درجه,۶۷٫۰۰۰,۲۰۱۷ - ۱۳۹۶
۳۰۰,دنا معمولی 1700cc,تهران، پرند,سنسور عقب و جلو ، کولر دوال ، دی لایت ، صندلی کودک ، صندلی برقی ، آینه تاشو برقی,,,,۲۰۱۹ - ۱۳۹۸
بدون رنگ,دنا معمولی 1700cc,تهران، اندیشه,سفید,دنده‌ای,۱۱۸٫۰۰۰٫۰۰۰ تومان,سنسور عقب و جلو ، کروز کنترل ، صندلی برقی ، آینه تاشو برقی ، دوربین 360 درجه,۲۰۱۸ - ۱۳۹۷
بدون رنگ,فروشی,تهران، عباس‌آباد,نقدی و قسطی,دنده‌ای,توافقی,۰,دنا معمولی 1700cc
بدون رنگ,دنا معمولی,تهران، نارمک,نقدی و قسطی,دنده‌ای,توافقی,۱,۲۰۱۹ - ۱۳۹۸
توافقی,دنا معمولی 1700cc,اصفهان، بید آباد,دو برگی,سنسور عقب و جلو ، کروز کنترل ، دی لایت ، صندلی کودک ، صندلی برقی ، آینه تاشو برقی,۲۰٫۰۰۰,,۲۰۱۸ - ۱۳۹۷
۰,فروشی,تهران، عباس‌آباد,توافقی,,,,دنا معمولی
بدون رنگ,دنا معمولی 1700cc,تهران، یوسف‌آباد,قهوه‌ای,دنده‌ای,۹۶٫۰۰۰٫۰۰۰ تومان,۱۴۰,۲۰۱۵ - ۱۳۹۴
دو برگی,دنا معمولی 1700cc,اصفهان، پروین,بدون رنگ,۱۲۳٫۰۰۰٫۰۰۰ تومان,۲۴٫۵۰۰,,۲۰۱۸ - ۱۳۹۷
بدون رنگ,دنا معمولی 1700cc,اصفهان، خانه اصفهان,سفید,دنده‌ای,۱۰۸٫۰۰۰٫۰۰۰ تومان,فرمان برقی ، سنسور عقب و جلو ، کولر دوال ، کروز کنترل ، دی لایت ، صندلی برقی ، آینه تاشو برقی ، ترمز دستی برقی ، دوربین 360 درجه,۲۰۱۶ - ۱۳۹۵
بدون رنگ,دنا معمولی 1700cc,اصفهان، آتشگاه,خاکستری,دنده‌ای,۱۲۰٫۰۰۰٫۰۰۰ تومان,سنسور عقب و جلو ، دی لایت ، صندلی برقی ، آینه تاشو برقی,۲۰۱۹ - ۱۳۹۸
بدون رنگ,دنا معمولی 1700cc,اصفهان، میر,سفید,دنده‌ای,۰,,۲۰۱۹ - ۱۳۹۸
۰,دنا معمولی,اصفهان، پل شیری (صائب),توافقی,,,,۲۰۱۹ - ۱۳۹۸
بدون رنگ,دنا معمولی 1700cc,اصفهان، سه راه سیمین,سفید,دنده‌ای,۹۷٫۰۰۰٫۰۰۰ تومان,فرمان برقی ، سنسور عقب و جلو ، کولر دوال ، کروز کنترل ، صندلی برقی ، آینه تاشو برقی ، دوربین 360 درجه,۲۰۱۵ - ۱۳۹۴
بدون رنگ,دنا معمولی,اصفهان، بزرگمهر,مشکی,دنده‌ای,۱۰۰٫۰۰۰٫۰۰۰ تومان,سنسور عقب و جلو ، کروز کنترل ، صندلی برقی ، آینه تاشو برقی,۲۰۱۵ - ۱۳۹۴
۱۴٫۳۰۰٫۰۰۰ تومان,دنا معمولی 1700cc,اصفهان، شهرضا,دنده‌ای,سنسور عقب و جلو ، کروز کنترل ، صندلی برقی ، آینه تاشو برقی,۸۰٫۰۰۰,,۲۰۱۷ - ۱۳۹۶
دنده‌ای,دنا معمولی,اصفهان، خانه اصفهان,بدون رنگ,۱۱۲٫۰۰۰٫۰۰۰ تومان,۶۷٫۰۰۰,,۲۰۱۶ - ۱۳۹۵
بدون رنگ,دنا معمولی 1700cc,اصفهان، پل وحید,سفید,دنده‌ای,۱۱۷٫۰۰۰٫۰۰۰ تومان,۶۶٫۰۰۰,۲۰۱۸ - ۱۳۹۷
بدون رنگ,دنا معمولی 1700cc,اصفهان، خانه اصفهان,مشکی,دنده‌ای,۲۴٫۰۰۰,,۲۰۱۸ - ۱۳۹۷
نقدی,فروشی,اصفهان، خانه اصفهان,سفید,بدون رنگ,دنده‌ای,توافقی,دنا معمولی 1700cc
بدون رنگ,دنا معمولی,اصفهان، زینبیه,سفید,دنده‌ای,۱۱۵٫۰۰۰٫۰۰۰ تومان,سنسور عقب و جلو ، کروز کنترل ، صندلی برقی ، آینه تاشو برقی,۲۰۱۷ - ۱۳۹۶
بدون رنگ,دنا معمولی,اصفهان، جلفا,مشکی,دنده‌ای,۱۳۰٫۰۰۰٫۰۰۰ تومان,۰,۲۰۱۹ - ۱۳۹۸
بدون رنگ,دنا معمولی 1700cc,اصفهان، خمینی شهر,سفید,دنده‌ای,۰,,۲۰۱۹ - ۱۳۹۸
بدون رنگ,دنا معمولی 1700cc,اصفهان، پروین,سفید,دنده‌ای,۰,,۲۰۱۹ - ۱۳۹۸
,دنا معمولی 1700cc,اصفهان، شهرضا,,,,,۲۰۱۹ - ۱۳۹۸
۱۳۰٫۰۰۰٫۰۰۰ تومان,دنا معمولی,اصفهان، دروازه تهران (میدان جمهوری),تک برگی,۱,,,۲۰۱۹ - ۱۳۹۸
بدون رنگ,دنا معمولی 1700cc,اصفهان، شاهین شهر,سفید,دنده‌ای,سنسور عقب و جلو ، دی لایت ، آینه تاشو برقی,۱۱۵٫۰۰۰,۲۰۱۶ - ۱۳۹۵
بدون رنگ,دنا معمولی,اصفهان، حکیم نظامی,خاکستری,دنده‌ای,۱۱۸٫۰۰۰٫۰۰۰ تومان,سنسور عقب و جلو ، کولر دوال ، کروز کنترل ، صندلی برقی ، آینه تاشو برقی ، دوربین 360 درجه,۲۰۱۸ - ۱۳۹۷
توافقی,دنا معمولی 1700cc,اصفهان، بهارستان,دنده‌ای,۰,,,۲۰۱۹ - ۱۳۹۸
بدون رنگ,دنا معمولی 1700cc,شیراز، بلوار رحمت,سفید,دنده‌ای,۰,,۲۰۱۹ - ۱۳۹۸
بدون رنگ,دنا معمولی 1700cc,شیراز، فسا,نقدی,دنده‌ای,توافقی,صندلی برقی ، آینه تاشو برقی ، ترمز دستی برقی,۲۰۱۹ - ۱۳۹۸
توافقی,دنا معمولی 1700cc,اصفهان، بزرگمهر,دنده‌ای,سنسور عقب و جلو ، کولر دوال ، صندلی برقی ، آینه تاشو برقی,۱۰,,۲۰۱۹ - ۱۳۹۸
بدون رنگ,دنا معمولی,شیراز، ارم,سفید,دنده‌ای,۱۲۶٫۰۰۰٫۰۰۰ تومان,۴۰٫۰۰۰,۲۰۱۸ - ۱۳۹۷
بدون رنگ,دنا معمولی 1700cc,شیراز، ادبیات,نقدی,دنده‌ای,توافقی,۰,۲۰۱۹ - ۱۳۹۸
دنده‌ای,دنا معمولی 1700cc,شیراز، بلوار مدرس,بدون رنگ,۹۹٫۰۰۰٫۰۰۰ تومان,سنسور عقب و جلو ، کولر دوال ، کروز کنترل ، دی لایت ، صندلی برقی ، آینه تاشو برقی ، دوربین 360 درجه,۱۰۰,۲۰۱۵ - ۱۳۹۴
بدون رنگ,دنا معمولی 1700cc,شیراز، ادبیات,سفید,دنده‌ای,۱۲۲٫۰۰۰٫۰۰۰ تومان,فرمان برقی ، سنسور عقب و جلو ، کروز کنترل ، رادار ، صندلی برقی ، آینه تاشو برقی,۲۰۱۸ - ۱۳۹۷
بدون رنگ,دنا معمولی,شیراز، شهرک گلستان,سفید,دنده‌ای,۱۲۸٫۵۰۰٫۰۰۰ تومان,۰,۲۰۱۹ - ۱۳۹۸
دنده‌ای,دنا معمولی 1700cc,شیراز، امیرکبیر,سفید,۰,,,۲۰۱۹ - ۱۳۹۸
دنده‌ای,دنا معمولی 1700cc,شیراز، بلوار مدرس,تصادفی,۶۰٫۰۰۰٫۰۰۰ تومان,سنسور عقب و جلو ، کولر دوال ، کروز کنترل ، صندلی برقی ، آینه تاشو برقی,۳۲٫۰۰۰,۲۰۱۸ - ۱۳۹۷
بدون رنگ,دنا معمولی 1700cc,شیراز، دلگشا,مشکی,دنده‌ای,سنسور عقب و جلو ، کروز کنترل ، دی لایت ، صندلی برقی ، آینه تاشو برقی ، دوربین 360 درجه,۱۲۰٫۰۰۰,۲۰۱۶ - ۱۳۹۵
۱۱۴٫۰۰۰٫۰۰۰ تومان,دنا معمولی 1700cc,شیراز، کازرون,تک برگی,فرمان برقی ، سنسور عقب و جلو ، کروز کنترل ، رادار ، دی لایت ، صندلی برقی ، آینه تاشو برقی,۱۹٫۵۰۰,,۲۰۱۸ - ۱۳۹۷
یک لکه رنگ,دنا معمولی 1700cc,شیراز، ادبیات,سفید,دنده‌ای,۴۲٫۰۰۰,,۲۰۱۸ - ۱۳۹۷
یک لکه رنگ,دنا معمولی 1700cc,شیراز، باهنر جنوبی,سفید,دنده‌ای,سنسور عقب و جلو ، کروز کنترل ، رادار ، صندلی برقی ، آینه تاشو برقی,۵۷٫۰۰۰,۲۰۱۷ - ۱۳۹۶
دو لکه رنگ,دنا معمولی 1700cc,شیراز، شهرک گلستان,خاکستری,دنده‌ای,۱۰۵٫۰۰۰٫۰۰۰ تومان,سنسور عقب و جلو ، کروز کنترل ، صندلی برقی,۲۰۱۷ - ۱۳۹۶
بدون رنگ,دنا معمولی 1700cc,شیراز، مرودشت,سفید,دنده‌ای,۰,,۲۰۱۹ - ۱۳۹۸
بدون رنگ,دنا معمولی 1700cc,شیراز، سفیر شمالی,نقدی,دنده‌ای,توافقی,سنسور عقب و جلو ، کولر دوال ، کروز کنترل ، رادار ، صندلی برقی ، آینه تاشو برقی,۲۰۱۵ - ۱۳۹۴
بدون رنگ,دنا معمولی 1700cc,شیراز، سیاحتگر,سفید,دنده‌ای,۰,,۲۰۱۹ - ۱۳۹۸
بدون رنگ,دنا معمولی 1700cc,شیراز، امیرکبیر,مشکی,دنده‌ای,۱۰۰٫۰۰۰٫۰۰۰ تومان,۱۰۵٫۰۰۰,۲۰۱۵ - ۱۳۹۴
دنده‌ای,دنا معمولی 1700cc,شیراز، ادبیات,سفید,۰,,,۲۰۱۹ - ۱۳۹۸
بدون رنگ,دنا معمولی,شیراز، فرهنگ شهر,سفید,دنده‌ای,۱٫۲۸۰٫۰۰۰٫۰۰۰ تومان,۰,۲۰۱۹ - ۱۳۹۸
بدون رنگ,دنا معمولی,شیراز، امیرکبیر,نقره‌ای,دنده‌ای,۱۳۱٫۰۰۰٫۰۰۰ تومان,۵۰,۲۰۱۹ - ۱۳۹۸
دنده‌ای,دنا معمولی 1700cc,تبریز,بدون رنگ,۱۱۴٫۰۰۰٫۰۰۰ تومان,۶۸٫۰۰۰,,۲۰۱۷ - ۱۳۹۶
بدون رنگ,دنا معمولی,شیراز، مرودشت,مشکی,دنده‌ای,۱۲۴٫۰۰۰٫۰۰۰ تومان,سنسور عقب و جلو ، کولر دوال ، کروز کنترل ، دی لایت ، صندلی برقی ، آینه تاشو برقی,۲۰۱۸ - ۱۳۹۷
بدون رنگ,دنا معمولی 1700cc,تبریز,نقره‌ای,دنده‌ای,۰,,۲۰۱۹ - ۱۳۹۸
بدون رنگ,دنا معمولی,تبریز,سفید,دنده‌ای,۱۰۵٫۰۰۰٫۰۰۰ تومان,۱۰۷٫۰۰۰,۲۰۱۵ - ۱۳۹۴
۰,دنا معمولی 1700cc,تبریز,دنده‌ای,,,,۲۰۱۹ - ۱۳۹۸
بدون رنگ,دنا معمولی,شیراز، ارتش,خاکستری,دنده‌ای,۱۱۰٫۰۰۰٫۰۰۰ تومان,سنسور عقب و جلو ، کروز کنترل ، صندلی برقی ، آینه تاشو برقی ، دوربین 360 درجه,۲۰۱۵ - ۱۳۹۴
بدون رنگ,دنا معمولی 1700cc,تبریز,سفید,دنده‌ای,۵۰,,۲۰۱۹ - ۱۳۹۸
بدون رنگ,دنا معمولی,تبریز,نقدی,دنده‌ای,توافقی,سنسور عقب و جلو ، کروز کنترل ، رادار ، دی لایت ، آینه تاشو برقی,۲۰۱۸ - ۱۳۹۷
یک لکه رنگ,دنا معمولی 1700cc,تبریز,سفید,دنده‌ای,۱۰۲٫۰۰۰٫۰۰۰ تومان,۰,۲۰۱۶ - ۱۳۹۵
بدون رنگ,دنا معمولی 1700cc,تبریز,آبی,دنده‌ای,۱۱۵٫۰۰۰٫۰۰۰ تومان,۴۰٫۰۰۰,۲۰۱۷ - ۱۳۹۶
دنده‌ای,دنا معمولی 1700cc,تبریز,نقدی,توافقی,۱,,۲۰۱۹ - ۱۳۹۸
بدون رنگ,دنا معمولی 1700cc,شیراز، مطهری,سفید,دنده‌ای,۰,,۲۰۱۹ - ۱۳۹۸
بدون رنگ,دنا معمولی 1700cc,تبریز,سفید,دنده‌ای,آینه تاشو برقی,۱۵,۲۰۱۹ - ۱۳۹۸
نقدی,فروشی,تبریز,سفید,بدون رنگ,دنده‌ای,۱۱۷٫۰۰۰٫۰۰۰ تومان,دنا معمولی 1700cc
بدون رنگ,دنا معمولی 1700cc,تبریز,نقره‌ای,دنده‌ای,۱۲۶٫۰۰۰٫۰۰۰ تومان,۰,۲۰۱۹ - ۱۳۹۸
بدون رنگ,دنا معمولی 1700cc,تبریز,آبی,دنده‌ای,۱۱۴٫۰۰۰٫۰۰۰ تومان,۶۳٫۰۰۰,۲۰۱۷ - ۱۳۹۶
یک لکه رنگ,دنا معمولی,تبریز,سفید,دنده‌ای,۱۰۵٫۰۰۰٫۰۰۰ تومان,سنسور عقب و جلو ، کروز کنترل ، صندلی برقی ، آینه تاشو برقی,۲۰۱۶ - ۱۳۹۵
,دنا معمولی 1700cc,تبریز,۸۵٫۰۰۰,,,,۲۰۱۵ - ۱۳۹۴
یک لکه رنگ,دنا معمولی 1700cc,تبریز,سفید,دنده‌ای,۱۱۰٫۰۰۰٫۰۰۰ تومان,سنسور عقب و جلو ، کروز کنترل ، صندلی برقی ، آینه تاشو برقی,۲۰۱۸ - ۱۳۹۷
بدون رنگ,دنا معمولی 1700cc,تبریز,سفید,دنده‌ای,۱۰۹٫۰۰۰٫۰۰۰ تومان,فرمان برقی ، سنسور عقب و جلو ، کروز کنترل ، صندلی برقی ، آینه تاشو برقی ، دوربین 360 درجه,۲۰۱۶ - ۱۳۹۵
دنده‌ای,دنا معمولی,تبریز,سفید,۱۲۸٫۵۰۰٫۰۰۰ تومان,۰,,۲۰۱۹ - ۱۳۹۸
بدون رنگ,دنا معمولی,تبریز,سفید,دنده‌ای,۱۲۶٫۰۰۰٫۰۰۰ تومان,۰,۲۰۱۹ - ۱۳۹۸
,دنا معمولی 1700cc,تبریز,۳۷,,,,۲۰۱۷ - ۱۳۹۶
دنده‌ای,دنا معمولی 1700cc,تبریز,سفید,۱۰۸٫۰۰۰٫۰۰۰ تومان,۶۵٫۰۰۰,,۲۰۱۷ - ۱۳۹۶
بدون رنگ,دنا معمولی 1700cc,تبریز,خاکستری,دنده‌ای,۰,,۲۰۱۹ - ۱۳۹۸
,,,,,,,
,,,,,,,
,,,,,,,
,دنا معمولی,تهران، صادقیه,۰,,,,۲۰۱۹ - ۱۳۹۸
,دنا معمولی 1700cc,تهران، صادقیه,۰,,,,۲۰۱۹ - ۱۳۹۸
بدون رنگ,دنا معمولی,تهران، منیریه,نقدی,دنده‌ای,توافقی,۰,۲۰۱۹ - ۱۳۹۸
بدون رنگ,دنا معمولی 1700cc,تهران، صادقیه,نقدی,دنده‌ای,توافقی,۰,۲۰۱۹ - ۱۳۹۸
بدون رنگ,دنا معمولی 1700cc,تهران، مرزداران,سفید,دنده‌ای,۶۰٫۰۰۰٫۰۰۰ تومان,۱,۲۰۱۹ - ۱۳۹۸
بدون رنگ,دنا معمولی 1700cc,تهران، شهر قدس,سفید,دنده‌ای,۱۲۰٫۰۰۰٫۰۰۰ تومان,کروز کنترل ، صندلی برقی ، دوربین 360 درجه,۲۰۱۸ - ۱۳۹۷
یک لکه رنگ,دنا معمولی 1700cc,تهران، صادقیه,نقدی,دنده‌ای,توافقی,۰,۲۰۱۹ - ۱۳۹۸
بدون رنگ,دنا معمولی 1700cc,تهران، سعادت‌آباد,نقدی و قسطی,اتوماتیک,توافقی,۰,۲۰۱۹ - ۱۳۹۸
بدون رنگ,دنا معمولی 1700cc,تهران، ستارخان,سفید,دنده‌ای,۶۰٫۰۰۰٫۰۰۰ تومان,۰,۲۰۱۹ - ۱۳۹۸
بدون رنگ,دنا معمولی,تهران، تهرانپارس غربی,نوک‌مدادی,دنده‌ای,۹۳٫۰۰۰٫۰۰۰ تومان,۱۲۱٫۰۰۰,۲۰۱۵ - ۱۳۹۴
دو لکه رنگ,دنا معمولی 1700cc,تهران،  اسکندری,نقدی,دنده‌ای,توافقی,کروز کنترل ، آینه تاشو برقی,۲۰۱۷ - ۱۳۹۶
بدون رنگ,دنا معمولی 1700cc,تهران، ستارخان,نقدی,دنده‌ای,توافقی,۰,۲۰۱۹ - ۱۳۹۸
بدون رنگ,دنا معمولی,تهران، ازگل,خاکستری,دنده‌ای,۱۰۰٫۹۰۰٫۰۰۰ تومان,کروز کنترل ، صندلی برقی ، آینه تاشو برقی ، دوربین 360 درجه,۲۰۱۶ - ۱۳۹۵
دنده‌ای,دنا معمولی 1700cc,تهران، افسریه,بدون رنگ,۱۱۸٫۰۰۰٫۰۰۰ تومان,کروز کنترل,۳۵٫۰۰۰,۲۰۱۸ - ۱۳۹۷
بدون رنگ,دنا معمولی 1700cc,تهران، سهروردی شمالی,نوک‌مدادی,دنده‌ای,۶۴٫۰۰۰٫۰۰۰ تومان,۰,۲۰۱۹ - ۱۳۹۸
بدون رنگ,دنا معمولی 1700cc,تهران، شهر قدس,مشکی,دنده‌ای,فرمان برقی ، سنسور عقب و جلو ، کولر دوال ، کروز کنترل ، رادار ، دی لایت ، صندلی برقی ، آینه تاشو برقی ، دوربین 360 درجه,۱۱۰٫۰۰۰,۲۰۱۶ - ۱۳۹۵
دنده‌ای,دنا معمولی,تهران، صادقیه,نقدی,توافقی,۰,,۲۰۱۹ - ۱۳۹۸
بدون رنگ,دنا معمولی,تهران، صادقیه,نقدی,دنده‌ای,توافقی,۰,۲۰۱۹ - ۱۳۹۸
۸۰٫۰۰۰,دنا معمولی,تهران، مجیدیه,۱۱۰٫۰۰۰٫۰۰۰ تومان,,,,۲۰۱۶ - ۱۳۹۵
۱۱۷٫۰۰۰٫۰۰۰ تومان,دنا معمولی,تهران، طرشت,تک برگی,۰,,,۲۰۱۹ - ۱۳۹۸
بدون رنگ,دنا معمولی 1700cc,تهران، آذری,سفید,دنده‌ای,هستم,۶۰,۲۰۱۹ - ۱۳۹۸
بدون رنگ,دنا معمولی,تهران، بوستان ولایت,قهوه‌ای,دنده‌ای,۱۰۹٫۰۰۰٫۰۰۰ تومان,۳۷٫۰۰۰,۲۰۱۶ - ۱۳۹۵
,دنا معمولی,تهران، صادقیه,۱,,,,۲۰۱۹ - ۱۳۹۸
بدون رنگ,دنا معمولی,تهران، تهرانپارس غربی,سفید,دنده‌ای,۱۲۴٫۵۰۰٫۰۰۰ تومان,فرمان برقی ، سنسور عقب و جلو ، سرد کن/گرم کن صندلی و فرمان ، کولر دوال ، رادار ، دی لایت ، صندلی کودک ، صندلی برقی ، آینه تاشو برقی ، ترمز دستی برقی ، دوربین 360 درجه,۲۰۱۹ - ۱۳۹۸
بدون رنگ,دنا معمولی 1700cc,تهران، طرشت,نقدی,دنده‌ای,توافقی,۰,۲۰۱۹ - ۱۳۹۸
یک لکه رنگ,دنا معمولی,تهران، صادقیه,مشکی,دنده‌ای,۱۱۶٫۵۰۰٫۰۰۰ تومان,سنسور عقب و جلو ، کروز کنترل ، صندلی برقی,۲۰۱۷ - ۱۳۹۶
بدون رنگ,دنا معمولی 1700cc,تهران، جمهوری,سفید,دنده‌ای,۱۲۳٫۰۰۰٫۰۰۰ تومان,۰,۲۰۱۹ - ۱۳۹۸
بدون رنگ,دنا معمولی 1700cc,تهران، آهنگ,سفید,دنده‌ای,۱۲۴٫۰۰۰٫۰۰۰ تومان,سنسور عقب و جلو ، رادار ، صندلی برقی ، آینه تاشو برقی,۲۰۱۹ - ۱۳۹۸
بدون رنگ,دنا معمولی 1700cc,تهران، پرند,خاکستری,دنده‌ای,۱۰۵٫۰۰۰٫۰۰۰ تومان,سنسور عقب و جلو ، کروز کنترل ، صندلی برقی ، آینه تاشو برقی ، دوربین 360 درجه,۲۰۱۶ - ۱۳۹۵
یک لکه رنگ,دنا معمولی 1700cc,تهران، شهرک ولیعصر,سفید,دنده‌ای,۱۰۹٫۰۰۰٫۰۰۰ تومان,کروز کنترل ، صندلی برقی ، آینه تاشو برقی ، دوربین 360 درجه,۲۰۱۶ - ۱۳۹۵
بدون رنگ,دنا معمولی 1700cc,تهران، شهرک کیانشهر,خاکستری,دنده‌ای,۱۱۶٫۰۰۰٫۰۰۰ تومان,۵۲٫۰۰۰,۲۰۱۷ - ۱۳۹۶
بدون رنگ,دنا معمولی 1700cc,تهران، بریانک,سفید,دنده‌ای,۱۲۱٫۵۰۰٫۰۰۰ تومان,۰,۲۰۱۹ - ۱۳۹۸
بدون رنگ,دنا معمولی 1700cc,تهران، قصر فیروزه ۲,سفید,دنده‌ای,۱۲۵٫۰۰۰٫۰۰۰ تومان,سنسور عقب و جلو ، کولر دوال ، کروز کنترل ، رادار ، صندلی برقی ، آینه تاشو برقی ، ترمز دستی برقی,۲۰۱۸ - ۱۳۹۷
دو لکه رنگ,دنا معمولی,تهران، اندیشه,سفید,دنده‌ای,۱۱۵٫۰۰۰٫۰۰۰ تومان,سنسور عقب و جلو ، کروز کنترل ، صندلی برقی ، آینه تاشو برقی,۲۰۱۷ - ۱۳۹۶
بدون رنگ,دنا معمولی 1700cc,تهران، شهر قدس,سفید,دنده‌ای,۱۱۰٫۰۰۰٫۰۰۰ تومان,سنسور عقب و جلو ، کروز کنترل ، صندلی برقی ، آینه تاشو برقی ، ترمز دستی برقی,۲۰۱۷ - ۱۳۹۶
بدون رنگ,دنا معمولی 1700cc,تهران، چیتگر,سفید,دنده‌ای,۱۲۲٫۰۰۰٫۰۰۰ تومان,فرمان برقی ، سنسور عقب و جلو ، صندلی برقی ، آینه تاشو برقی,۲۰۱۹ - ۱۳۹۸
بدون رنگ,دنا معمولی 1700cc,تهران، شهرک ویلاشهر,سفید,دنده‌ای,۱۱۰٫۰۰۰٫۰۰۰ تومان,سنسور عقب و جلو ، کروز کنترل ، رادار ، صندلی برقی ، آینه تاشو برقی,۲۰۱۷ - ۱۳۹۶
بدون رنگ,دنا معمولی 1700cc,تهران، پونک,سفید,دنده‌ای,۱۲۴٫۰۰۰٫۰۰۰ تومان,۰,۲۰۱۹ - ۱۳۹۸
بدون رنگ,دنا معمولی,تهران، آهنگ,قهوه‌ای,دنده‌ای,۱۱۳٫۰۰۰٫۰۰۰ تومان,سنسور عقب و جلو ، کروز کنترل ، رادار ، صندلی برقی ، آینه تاشو برقی ، دوربین 360 درجه,۲۰۱۶ - ۱۳۹۵
بدون رنگ,دنا معمولی,تهران، توحید,سرمه‌ای,دنده‌ای,۱۱۳٫۰۰۰٫۰۰۰ تومان,۴۷٫۰۰۰,۲۰۱۶ - ۱۳۹۵
بدون رنگ,دنا معمولی,تهران، وردآورد,خاکستری,دنده‌ای,۱۱۹٫۰۰۰٫۰۰۰ تومان,سنسور عقب و جلو ، کروز کنترل ، صندلی برقی ، آینه تاشو برقی ، دوربین 360 درجه,۲۰۱۸ - ۱۳۹۷
,دنا معمولی 1700cc,تهران، قصر فیروزه ۲,۰,,,,۲۰۱۹ - ۱۳۹۸
۱۲۳٫۰۰۰٫۰۰۰ تومان,دنا معمولی 1700cc,تهران، ابوذر,تک برگی,۱,,,۲۰۱۹ - ۱۳۹۸
بدون رنگ,دنا معمولی,تهران، شهر قدس,سفید,دنده‌ای,۱۱۷٫۸۰۰٫۰۰۰ تومان,سنسور عقب و جلو ، کروز کنترل ، صندلی برقی ، آینه تاشو برقی,۲۰۱۸ - ۱۳۹۷
۰,دنا معمولی,تهران، شهران شمالی,۱۲۳٫۰۰۰٫۰۰۰ تومان,,,,۲۰۱۹ - ۱۳۹۸
بدون رنگ,دنا معمولی 1700cc,تهران، کوی هفدهم شهریور,سفید,دنده‌ای,۱۰۵٫۰۰۰٫۰۰۰ تومان,کولر دوال ، کروز کنترل ، صندلی برقی ، آینه تاشو برقی ، دوربین 360 درجه,۲۰۱۶ - ۱۳۹۵
بدون رنگ,دنا معمولی,تهران، خزانه,مشکی,دنده‌ای,۱۰۵٫۰۰۰٫۰۰۰ تومان,۵۸٫۰۰۰,۲۰۱۶ - ۱۳۹۵
دنده‌ای,دنا معمولی,تهران، شهر ری,بدون رنگ,۱۲۵٫۵۰۰٫۰۰۰ تومان,۰,,۲۰۱۹ - ۱۳۹۸
,دنا معمولی 1700cc,تهران، سید خندان,۰,,,,۲۰۱۹ - ۱۳۹۸
بدون رنگ,دنا معمولی,تهران، ونک,نقدی,دنده‌ای,توافقی,۰,۲۰۱۹ - ۱۳۹۸
۴۸٫۰۰۰,دنا معمولی 1700cc,تهران، نیرو هوایی,۱۱۲٫۰۰۰٫۰۰۰ تومان,,,,۲۰۱۷ - ۱۳۹۶
بدون رنگ,دنا معمولی 1700cc,تهران، شهر قدس,سفید,دنده‌ای,۱۰۵٫۰۰۰٫۰۰۰ تومان,فرمان برقی ، سنسور عقب و جلو ، کولر دوال ، کروز کنترل ، دی لایت ، صندلی برقی ، آینه تاشو برقی,۲۰۱۶ - ۱۳۹۵
بدون رنگ,دنا معمولی 1700cc,تهران، صادقیه,سفید,دنده‌ای,۱۱۷٫۵۰۰٫۰۰۰ تومان,۰,۲۰۱۹ - ۱۳۹۸
بدون رنگ,دنا معمولی 1700cc,تهران، صادقیه,سفید,دنده‌ای,۱۱۸٫۰۰۰٫۰۰۰ تومان,۰,۲۰۱۹ - ۱۳۹۸
بدون رنگ,دنا معمولی,تهران، تهران‌سر,سفید,دنده‌ای,۱۲۴٫۰۰۰٫۰۰۰ تومان,۷٫۰۰۰,۲۰۱۹ - ۱۳۹۸
بدون رنگ,دنا معمولی 1700cc,تهران، نازی‌آباد,سفید صدفی,دنده‌ای,هستم,سنسور عقب و جلو ، کروز کنترل ، صندلی برقی ، آینه تاشو برقی ، حافظه صندلی,۲۰۱۷ - ۱۳۹۶
بدون رنگ,دنا معمولی,تهران، ستارخان,نقدی و قسطی,دنده‌ای,توافقی,۰,۲۰۱۹ - ۱۳۹۸
بدون رنگ,دنا معمولی 1700cc,تهران، پردیس,خاکستری,دنده‌ای,۱۰۷٫۰۰۰٫۰۰۰ تومان,۱۰۴٫۰۰۰,۲۰۱۷ - ۱۳۹۶
بدون رنگ,دنا معمولی,تهران، ستارخان,سفید,دنده‌ای,۵۷٫۰۰۰٫۰۰۰ تومان,۱,۲۰۱۹ - ۱۳۹۸
دنده‌ای,دنا معمولی 1700cc,تهران، جیحون,تک برگی,۱۲۴٫۰۰۰٫۰۰۰ تومان,۰,,۲۰۱۹ - ۱۳۹۸
بدون رنگ,دنا معمولی 1700cc,تهران، ونک,سفید,دنده‌ای,۱۰۳٫۰۰۰٫۰۰۰ تومان,۴۲٫۰۰۰,۲۰۱۶ - ۱۳۹۵
بدون رنگ,دنا معمولی 1700cc,تهران، مجیدیه,سفید,دنده‌ای,۱۲۴٫۵۰۰٫۰۰۰ تومان,۵۰۰,۲۰۱۹ - ۱۳۹۸
بدون رنگ,دنا معمولی,تهران، آذربایجان,سفید,دنده‌ای,۱۱۸٫۰۰۰٫۰۰۰ تومان,سنسور عقب و جلو ، کروز کنترل ، صندلی برقی ، آینه تاشو برقی,۲۰۱۸ - ۱۳۹۷
بدون رنگ,دنا معمولی,تهران، نارمک,سفید,دنده‌ای,۱۲۳٫۵۰۰٫۰۰۰ تومان,سنسور عقب و جلو ، صندلی برقی ، آینه تاشو برقی,۲۰۱۹ - ۱۳۹۸
بدون رنگ,دنا معمولی,تهران، افسریه,قهوه‌ای,دنده‌ای,۱۰۴٫۰۰۰٫۰۰۰ تومان,۶۴٫۰۰۰,۲۰۱۶ - ۱۳۹۵
,دنا معمولی,تهران، شهر ری,۰,,,,۲۰۱۹ - ۱۳۹۸
بدون رنگ,دنا معمولی,تهران، تهرانپارس غربی,سفید,دنده‌ای,۱۱۶٫۰۰۰٫۰۰۰ تومان,۲٫۰۰۰,۲۰۱۹ - ۱۳۹۸
بدون رنگ,دنا معمولی 1700cc,تهران، قیطریه,مشکی,دنده‌ای,۱۱۶٫۰۰۰٫۰۰۰ تومان,سنسور عقب و جلو ، کروز کنترل ، صندلی برقی ، آینه تاشو برقی ، دوربین 360 درجه,۲۰۱۷ - ۱۳۹۶
بدون رنگ,دنا معمولی 1700cc,تهران، استاد معین,سفید,دنده‌ای,۱٫۱۱۱٫۱۱۱ تومان,۰,۲۰۱۹ - ۱۳۹۸
,دنا معمولی,تهران، پونک,۰,,,,۲۰۱۹ - ۱۳۹۸
دو لکه رنگ,دنا معمولی 1700cc,تهران، آهنگ,نوک‌مدادی,دنده‌ای,۹۵٫۰۰۰٫۰۰۰ تومان,سنسور عقب و جلو ، کروز کنترل ، دی لایت ، صندلی برقی ، آینه تاشو برقی,۲۰۱۶ - ۱۳۹۵
بدون رنگ,دنا معمولی,تهران، پاکدشت,سفید,دنده‌ای,۱۲۶٫۰۰۰٫۰۰۰ تومان,۰,۲۰۱۹ - ۱۳۹۸
بدون رنگ,دنا معمولی 1700cc,تهران، رباط کریم,سفید,دنده‌ای,۱۲۳٫۰۰۰٫۰۰۰ تومان,۰,۲۰۱۹ - ۱۳۹۸
دنده‌ای,دنا معمولی 1700cc,تهران، شهریار,بدون رنگ,۱۲۴٫۰۰۰٫۰۰۰ تومان,فرمان برقی ، سنسور عقب و جلو ، کروز کنترل ، صندلی برقی ، آینه تاشو برقی,۹٫۰۰۰,۲۰۱۹ - ۱۳۹۸
بدون رنگ,دنا معمولی 1700cc,تهران، طالقانی,سفید,دنده‌ای,۰,,۲۰۱۹ - ۱۳۹۸
بدون رنگ,دنا معمولی,تهران، ستارخان,نقدی و قسطی,دنده‌ای,توافقی,۰,۲۰۱۹ - ۱۳۹۸
بدون رنگ,دنا معمولی,تهران، پرند,سفید,دنده‌ای,۱۲۷٫۰۰۰٫۰۰۰ تومان,۰,۲۰۱۹ - ۱۳۹۸
دنده‌ای,دنا معمولی 1700cc,تهران، شهرک غرب,نقدی,توافقی,۰,,۲۰۱۹ - ۱۳۹۸
بدون رنگ,دنا معمولی 1700cc,تهران، بهارستان,سفید صدفی,دنده‌ای,۰,,۲۰۱۹ - ۱۳۹۸
۴۰٫۰۰۰٫۰۰۰ تومان,دنا معمولی,تهران، ظفر,تک برگی,۰,,,۲۰۱۹ - ۱۳۹۸
بدون رنگ,دنا معمولی,تهران، آهنگ,سفید,دنده‌ای,۱۰۸٫۰۰۰٫۰۰۰ تومان,سنسور عقب و جلو ، صندلی برقی,۲۰۱۷ - ۱۳۹۶
بدون رنگ,دنا معمولی,تهران، پیروزی,خاکستری,دنده‌ای,۶۴٫۰۰۰٫۰۰۰ تومان,۰,۲۰۱۹ - ۱۳۹۸
دنده‌ای,دنا معمولی 1700cc,تهران، قصر,سفید,۱۱۹٫۰۰۰٫۰۰۰ تومان,۱۳٫۰۰۰,,۲۰۱۹ - ۱۳۹۸
بدون رنگ,دنا معمولی 1700cc,تهران، اکباتان,سفید,دنده‌ای,۱۲۲٫۵۰۰٫۰۰۰ تومان,۰,۲۰۱۹ - ۱۳۹۸
یک لکه رنگ,دنا معمولی 1700cc,تهران، پونک,سفید,دنده‌ای,۷۰٫۰۰۰,,۲۰۱۶ - ۱۳۹۵
بدون رنگ,دنا معمولی,تهران، تهران‌سر,خاکستری,دنده‌ای,۱۱۰٫۰۰۰٫۰۰۰ تومان,سنسور عقب و جلو ، کروز کنترل ، صندلی برقی ، آینه تاشو برقی,۲۰۱۷ - ۱۳۹۶
بدون رنگ,دنا معمولی 1700cc,تهران، سعادت‌آباد,خاکستری,دنده‌ای,۰,,۲۰۱۹ - ۱۳۹۸
بدون رنگ,دنا معمولی 1700cc,تهران، امام حسین(ع),سفید,دنده‌ای,۱۴,,۲۰۱۹ - ۱۳۹۸
دنده‌ای,دنا معمولی 1700cc,تهران، نارمک,بدون رنگ,۷۰٫۰۰۰٫۰۰۰ تومان,۰,,۲۰۱۹ - ۱۳۹۸
دو لکه رنگ,دنا معمولی 1700cc,تهران، پاسداران,مشکی,دنده‌ای,۹۳٫۰۰۰٫۰۰۰ تومان,کروز کنترل ، صندلی برقی ، آینه تاشو برقی,۲۰۱۴ - ۱۳۹۳
بدون رنگ,دنا معمولی,تهران، پرند,سفید,دنده‌ای,۱۱۸٫۰۰۰٫۰۰۰ تومان,کروز کنترل ، صندلی کودک ، صندلی برقی ، آینه تاشو برقی,۲۰۱۹ - ۱۳۹۸
بدون رنگ,دنا معمولی,تهران، پیروزی,سفید,دنده‌ای,۶۳٫۰۰۰٫۰۰۰ تومان,۰,۲۰۱۹ - ۱۳۹۸
بدون رنگ,دنا معمولی 1700cc,تهران، افسریه,نقدی,دنده‌ای,توافقی,۰,۲۰۱۹ - ۱۳۹۸
۰,دنا معمولی,تهران، سلیمانیه,۱۲۵٫۰۰۰٫۰۰۰ تومان,,,,۲۰۱۹ - ۱۳۹۸
بدون رنگ,دنا معمولی 1700cc,تهران، پاکدشت,سفید,دنده‌ای,۱۲۳٫۵۰۰٫۰۰۰ تومان,سنسور عقب و جلو ، کروز کنترل ، رادار ، صندلی برقی ، آینه تاشو برقی,۲۰۱۸ - ۱۳۹۷
بدون رنگ,دنا معمولی,تهران، شهرک غرب,سفید,دنده‌ای,۱۲۳٫۵۰۰٫۰۰۰ تومان,کروز کنترل,۲۰۱۹ - ۱۳۹۸
تک برگی,دنا معمولی,تهران، ظفر,بدون رنگ,۴۰٫۰۰۰٫۰۰۰ تومان,۰,,۲۰۱۹ - ۱۳۹۸
بدون رنگ,دنا معمولی,تهران، اقدسیه,نقدی,دنده‌ای,توافقی,۴٫۰۰۰,۲۰۱۷ - ۱۳۹۶
بدون رنگ,دنا معمولی,تهران، نارمک,سفید,دنده‌ای,۱۲۸٫۰۰۰٫۰۰۰ تومان,سنسور عقب و جلو ، کروز کنترل ، صندلی برقی ، آینه تاشو برقی,۲۰۱۹ - ۱۳۹۸
بدون رنگ,دنا معمولی 1700cc,تهران، تهرانپارس غربی,سفید,دنده‌ای,۱۲۵٫۰۰۰٫۰۰۰ تومان,سنسور عقب و جلو ، کروز کنترل ، صندلی برقی ، آینه تاشو برقی,۲۰۱۹ - ۱۳۹۸
بدون رنگ,دنا معمولی 1700cc,تهران، تهران‌سر,قهوه‌ای,دنده‌ای,۱۰۳٫۵۰۰٫۰۰۰ تومان,کروز کنترل ، دی لایت ، صندلی برقی ، آینه تاشو برقی,۲۰۱۶ - ۱۳۹۵
بدون رنگ,دنا معمولی,تهران، پونک,مشکی,دنده‌ای,۱۰۲٫۰۰۰٫۰۰۰ تومان,۶۳٫۰۰۰,۲۰۱۶ - ۱۳۹۵
دنده‌ای,دنا معمولی 1700cc,تهران، رباط کریم,بدون رنگ,۱۱۳٫۰۰۰٫۰۰۰ تومان,سنسور عقب و جلو ، کروز کنترل ، رادار ، صندلی برقی ، آینه تاشو برقی ، ترمز دستی برقی ، دوربین 360 درجه,۳۰٫۰۰۰,۲۰۱۷ - ۱۳۹۶
بدون رنگ,دنا معمولی 1700cc,تهران، قیطریه,سفید,دنده‌ای,۱٫۲۷۵٫۰۰۰ تومان,۳۰,۲۰۱۹ - ۱۳۹۸
بدون رنگ,دنا معمولی,تهران، پیروزی,سفید,دنده‌ای,۶۴٫۰۰۰٫۰۰۰ تومان,۰,۲۰۱۹ - ۱۳۹۸
تصادفی,دنا معمولی,تهران، پردیس,مشکی,دنده‌ای,۹۳٫۰۰۰٫۰۰۰ تومان,۱۰۸٫۰۰۰,۲۰۱۶ - ۱۳۹۵
بدون رنگ,دنا معمولی 1700cc,تهران، شهرک غرب,سفید,دنده‌ای,۰,,۲۰۱۹ - ۱۳۹۸
بدون رنگ,دنا معمولی,تهران، سازمان آب,نقدی,دنده‌ای,توافقی,۱۰,۲۰۱۹ - ۱۳۹۸
بدون رنگ,دنا معمولی,تهران، تهران‌سر,آبی,دنده‌ای,۱۱۰٫۰۰۰٫۰۰۰ تومان,۵۶٫۰۰۰,۲۰۱۶ - ۱۳۹۵
دنده‌ای,دنا معمولی 1700cc,تهران، سرسبز,بدون رنگ,توافقی,۰,,۲۰۱۹ - ۱۳۹۸
,دنا معمولی,تهران، ورامین,,,,,۲۰۱۹ - ۱۳۹۸
توافقی,دنا معمولی 1700cc,تهران، سید خندان,دنده‌ای,۰,,,۲۰۱۹ - ۱۳۹۸
بدون رنگ,دنا معمولی,تهران، جیحون,نقدی,دنده‌ای,توافقی,۳۰,۲۰۱۹ - ۱۳۹۸
سفید,دنا معمولی 1700cc,تهران، صادقیه,تک برگی,دنده‌ای,۱۲۴٫۵۰۰٫۰۰۰ تومان,۱٫۰۰۰,۲۰۱۹ - ۱۳۹۸
بدون رنگ,دنا معمولی 1700cc,تهران، صادقیه,سفید,دنده‌ای,۱۱۹٫۰۰۰٫۰۰۰ تومان,۰,۲۰۱۹ - ۱۳۹۸
بدون رنگ,دنا معمولی 1700cc,تهران، صادقیه,خاکستری,دنده‌ای,۱۱۲٫۰۰۰٫۰۰۰ تومان,سنسور عقب و جلو ، کروز کنترل ، صندلی برقی ، آینه تاشو برقی,۲۰۱۷ - ۱۳۹۶
,دنا معمولی 1700cc,تهران، سید خندان,۰,,,,۲۰۱۹ - ۱۳۹۸
دو لکه رنگ,دنا معمولی 1700cc,تهران، پارک شهر,مشکی,دنده‌ای,۱۰۳٫۰۰۰٫۰۰۰ تومان,سنسور عقب و جلو ، کروز کنترل ، دی لایت ، صندلی برقی ، آینه تاشو برقی,۲۰۱۷ - ۱۳۹۶
بدون رنگ,دنا معمولی,تهران،  اسکندری,نقدی,دنده‌ای,توافقی,۰,۲۰۱۹ - ۱۳۹۸
دنده‌ای,دنا معمولی 1700cc,تهران، پیروزی,یک لکه رنگ,۱۰۵٫۰۰۰٫۰۰۰ تومان,سنسور عقب و جلو ، کروز کنترل ، صندلی برقی ، آینه تاشو برقی ، دوربین 360 درجه,۴۲٫۰۰۰,۲۰۱۶ - ۱۳۹۵
بدون رنگ,دنا معمولی 1700cc,تهران، میدان ولیعصر,نقدی,دنده‌ای,توافقی,سنسور عقب و جلو ، آینه تاشو برقی,۲۰۱۷ - ۱۳۹۶
بدون رنگ,دنا معمولی,تهران، شهریار,سفید,دنده‌ای,۱۲۳٫۷۰۰٫۰۰۰ تومان,۰,۲۰۱۹ - ۱۳۹۸
دنده‌ای,دنا معمولی 1700cc,تهران، نارمک,دو لکه رنگ,۸۸٫۰۰۰٫۰۰۰ تومان,سنسور عقب و جلو ، کولر دوال ، کروز کنترل ، اتو هلد ، رادار ، دی لایت ، صندلی برقی ، آینه تاشو برقی ، حافظه صندلی,۸۰٫۰۰۰,۲۰۱۵ - ۱۳۹۴
بدون رنگ,دنا معمولی,تهران، آهنگ,سفید,دنده‌ای,۱۱۸٫۰۰۰٫۰۰۰ تومان,سنسور عقب و جلو ، دی لایت ، صندلی برقی ، آینه تاشو برقی ، دوربین 360 درجه,۲۰۱۸ - ۱۳۹۷
,دنا معمولی 1700cc,تهران، تهرانپارس شرقی,,,,,۲۰۱۹ - ۱۳۹۸
دنده‌ای,دنا معمولی 1700cc,تهران، صادقیه,بدون رنگ,۳۲٫۰۰۰٫۰۰۰ تومان,۱,,۲۰۱۹ - ۱۳۹۸
دنده‌ای,دنا معمولی,تهران، مجیدیه,یک لکه رنگ,توافقی,۸۳٫۰۰۰,,۲۰۱۶ - ۱۳۹۵
بدون رنگ,دنا معمولی,تهران، پاسداران,سفید,دنده‌ای,۹۵٫۰۰۰٫۰۰۰ تومان,۷۳٫۰۰۰,۲۰۱۵ - ۱۳۹۴
یک لکه رنگ,دنا معمولی 1700cc,تهران، ستارخان,نقدی,دنده‌ای,توافقی,۴۶٫۰۰۰,۲۰۱۷ - ۱۳۹۶
۱۸۵٫۰۰۰,دنا معمولی 1700cc,تهران، نارمک,۹۴٫۰۰۰٫۰۰۰ تومان,,,,۲۰۱۶ - ۱۳۹۵
بدون رنگ,دنا معمولی,تهران، تهران‌سر,سفید صدفی,دنده‌ای,۱۱۵٫۰۰۰٫۰۰۰ تومان,فرمان برقی ، سنسور عقب و جلو ، کولر دوال ، کروز کنترل ، رادار ، صندلی کودک ، صندلی برقی ، آینه تاشو برقی ، دوربین 360 درجه,۲۰۱۸ - ۱۳۹۷
بدون رنگ,دنا معمولی,تهران، سعادت‌آباد,سفید صدفی,دنده‌ای,۱۲۳٫۵۰۰٫۰۰۰ تومان,۰,۲۰۱۹ - ۱۳۹۸
بدون رنگ,دنا معمولی 1700cc,تهران، فلاح,آبی,دنده‌ای,هستم,۰,۲۰۱۹ - ۱۳۹۸
۰,دنا معمولی,تهران، رباط کریم,۱۲۴٫۰۰۰٫۰۰۰ تومان,,,,۲۰۱۹ - ۱۳۹۸
بدون رنگ,دنا معمولی 1700cc,تهران، ستارخان,مشکی,دنده‌ای,۱۲۵٫۰۰۰٫۰۰۰ تومان,۰,۲۰۱۹ - ۱۳۹۸
بدون رنگ,دنا معمولی 1700cc,تهران، اندیشه,سفید,دنده‌ای,۱۲۴٫۰۰۰٫۰۰۰ تومان,۲۳٫۰۰۰,۲۰۱۸ - ۱۳۹۷
بدون رنگ,دنا معمولی 1700cc,تهران، امیرآباد,مشکی,دنده‌ای,۱۱۸٫۰۰۰٫۰۰۰ تومان,۲۱٫۰۰۰,۲۰۱۷ - ۱۳۹۶
بدون رنگ,دنا معمولی,تهران، یوسف‌آباد,سفید,دنده‌ای,۱۲۳٫۵۰۰٫۰۰۰ تومان,۰,۲۰۱۹ - ۱۳۹۸
بدون رنگ,دنا معمولی 1700cc,تهران، سعادت‌آباد,خاکستری,دنده‌ای,۱۲۴٫۰۰۰٫۰۰۰ تومان,۰,۲۰۱۹ - ۱۳۹۸
یک لکه رنگ,دنا معمولی,تهران، جمهوری,سفید,دنده‌ای,۱۰۲٫۰۰۰٫۰۰۰ تومان,۱۰۰٫۰۰۰,۲۰۱۷ - ۱۳۹۶
دنده‌ای,دنا معمولی 1700cc,تهران، چیتگر,بدون رنگ,توافقی,دی لایت ، صندلی برقی ، آینه تاشو برقی,۰,۲۰۱۹ - ۱۳۹۸
دنده‌ای,دنا معمولی 1700cc,تهران، تهرانپارس غربی,بدون رنگ,۱۲۳٫۰۰۰٫۰۰۰ تومان,۰,,۲۰۱۹ - ۱۳۹۸
بدون رنگ,دنا معمولی 1700cc,تهران، دهکده المپیک,سفید,دنده‌ای,۱۲۲٫۷۰۰٫۰۰۰ تومان,۰,۲۰۱۹ - ۱۳۹۸
بدون رنگ,دنا معمولی 1700cc,تهران، ستارخان,مشکی,دنده‌ای,۱۲۳٫۰۰۰٫۰۰۰ تومان,۰,۲۰۱۹ - ۱۳۹۸
بدون رنگ,دنا معمولی,تهران، پیروزی,آبی,دنده‌ای,۹۵٫۰۰۰٫۰۰۰ تومان,کروز کنترل ، صندلی برقی ، آینه تاشو برقی,۲۰۱۵ - ۱۳۹۴
یک لکه رنگ,دنا معمولی,تهران، سهروردی جنوبی,خاکستری,دنده‌ای,۱۱۰٫۰۰۰٫۰۰۰ تومان,۸۵٫۰۰۰,۲۰۱۷ - ۱۳۹۶
بدون رنگ,دنا معمولی,تهران، آرژانتین,سفید,دنده‌ای,۱۲۳٫۵۰۰٫۰۰۰ تومان,۰,۲۰۱۹ - ۱۳۹۸
بدون رنگ,دنا معمولی,تهران، تهرانپارس شرقی,مشکی,دنده‌ای,۱۲۴٫۰۰۰٫۰۰۰ تومان,۰,۲۰۱۹ - ۱۳۹۸
یک لکه رنگ,دنا معمولی 1700cc,تهران، جی,نقدی و قسطی,دنده‌ای,توافقی,۷۲٫۰۰۰,۲۰۱۷ - ۱۳۹۶
بدون رنگ,دنا معمولی 1700cc,تهران، قلهک,سفید,دنده‌ای,سنسور عقب و جلو ، صندلی برقی ، آینه تاشو برقی ، ترمز دستی برقی,۵۰,۲۰۱۹ - ۱۳۹۸
بدون رنگ,دنا معمولی,تهران، پیروزی,خاکستری,دنده‌ای,۶۳٫۰۰۰٫۰۰۰ تومان,۰,۲۰۱۹ - ۱۳۹۸
دو لکه رنگ,دنا معمولی 1700cc,تهران، افسریه,سفید,دنده‌ای,۹۵٫۰۰۰٫۰۰۰ تومان,۵۲٫۰۰۰,۲۰۱۷ - ۱۳۹۶
بدون رنگ,دنا معمولی 1700cc,تهران، شهریار,سفید,دنده‌ای,۱۲۴٫۰۰۰٫۰۰۰ تومان,فرمان برقی ، سنسور عقب و جلو ، کولر دوال ، کروز کنترل ، رادار ، دی لایت ، صندلی برقی ، آینه تاشو برقی ، دوربین 360 درجه,۲۰۱۸ - ۱۳۹۷
بدون رنگ,دنا معمولی,تهران، بلوار کشاورز,سفید,دنده‌ای,۱۲۶٫۰۰۰٫۰۰۰ تومان,۰,۲۰۱۹ - ۱۳۹۸
تصادفی,دنا معمولی,تهران، استاد معین,سفید,دنده‌ای,۸۶٫۰۰۰٫۰۰۰ تومان,سنسور عقب و جلو ، کروز کنترل ، صندلی برقی ، آینه تاشو برقی,۲۰۱۵ - ۱۳۹۴
۰,دنا معمولی 1700cc,تهران، نارمک,هستم,,,,۲۰۱۹ - ۱۳۹۸
تصادفی,دنا معمولی 1700cc,تهران، تهرانپارس غربی,سفید,دنده‌ای,۱۰۶٫۰۰۰٫۰۰۰ تومان,سنسور عقب و جلو ، کروز کنترل ، صندلی برقی ، آینه تاشو برقی,۲۰۱۸ - ۱۳۹۷
بدون رنگ,دنا معمولی 1700cc,تهران، شهرک گلستان,سفید,دنده‌ای,فرمان برقی ، کروز کنترل ، دی لایت ، صندلی برقی ، آینه تاشو برقی ، دوربین 360 درجه,۴۶٫۰۰۰,۲۰۱۷ - ۱۳۹۶
بدون رنگ,دنا معمولی 1700cc,تهران، آذری,سفید,دنده‌ای,۱۱۲٫۰۰۰٫۰۰۰ تومان,سنسور عقب و جلو ، کولر دوال ، کروز کنترل ، رادار ، دی لایت ، صندلی برقی ، آینه تاشو برقی ، دوربین 360 درجه,۲۰۱۷ - ۱۳۹۶
بدون رنگ,دنا معمولی 1700cc,تهران، پرند,نقدی,دنده‌ای,توافقی,۶۹٫۰۰۰,۲۰۱۵ - ۱۳۹۴
بدون رنگ,دنا معمولی,تهران، قرچک,سفید,دنده‌ای,۱۰۳٫۰۰۰٫۰۰۰ تومان,سنسور عقب و جلو ، کروز کنترل ، صندلی برقی ، آینه تاشو برقی,۲۰۱۶ - ۱۳۹۵
بدون رنگ,دنا معمولی,تهران، استاد معین,نقدی,دنده‌ای,توافقی,۰,۲۰۱۹ - ۱۳۹۸
بدون رنگ,دنا معمولی,تهران، دارآباد,نوک‌مدادی,دنده‌ای,۱۳۱٫۰۰۰٫۰۰۰ تومان,۰,۲۰۱۹ - ۱۳۹۸
چند لکه رنگ,دنا معمولی 1700cc,تهران، پاسداران,سفید,دنده‌ای,۱۰۸٫۰۰۰٫۰۰۰ تومان,فرمان برقی ، سنسور عقب و جلو ، کولر دوال ، کروز کنترل ، دی لایت ، آینه تاشو برقی,۲۰۱۷ - ۱۳۹۶
یک لکه رنگ,دنا معمولی 1700cc,تهران، استاد معین,سفید,دنده‌ای,۹۱٫۰۰۰٫۰۰۰ تومان,۶۵٫۰۰۰,۲۰۱۶ - ۱۳۹۵
بدون رنگ,فروشی,تهران، ازگل,نقدی و قسطی,دنده‌ای,توافقی,۱,دنا معمولی 1700cc
یک لکه رنگ,دنا معمولی,تهران، تهرانپارس شرقی,نقره‌ای,دنده‌ای,۹۷٫۰۰۰٫۰۰۰ تومان,آینه تاشو برقی,۲۰۱۶ - ۱۳۹۵
بدون رنگ,دنا معمولی 1700cc,تهران، پیروزی,سفید,دنده‌ای,۱۲۵٫۰۰۰٫۰۰۰ تومان,۱۰۰,۲۰۱۹ - ۱۳۹۸
بدون رنگ,دنا معمولی 1700cc,تهران، پونک,مشکی,دنده‌ای,۱۲۴٫۰۰۰٫۰۰۰ تومان,سنسور عقب و جلو ، کولر دوال ، صندلی برقی ، آینه تاشو برقی,۲۰۱۹ - ۱۳۹۸
,دنا معمولی 1700cc,تهران، رباط کریم,,,,,۲۰۱۹ - ۱۳۹۸
بدون رنگ,دنا معمولی 1700cc,تهران، شهر زیبا,سرمه‌ای,دنده‌ای,۱۰۶٫۵۰۰٫۰۰۰ تومان,۳۶٫۰۰۰,۲۰۱۶ - ۱۳۹۵
یک لکه رنگ,دنا معمولی 1700cc,تهران، شادآباد,سفید,دنده‌ای,۹۷٫۰۰۰٫۰۰۰ تومان,سنسور عقب و جلو ، کولر دوال ، کروز کنترل ، صندلی برقی ، آینه تاشو برقی,۲۰۱۶ - ۱۳۹۵
بدون رنگ,دنا معمولی 1700cc,تهران، کوی فردوس,سفید,دنده‌ای,۱۱۴٫۰۰۰٫۰۰۰ تومان,کروز کنترل ، صندلی برقی ، آینه تاشو برقی ، دوربین 360 درجه,۲۰۱۷ - ۱۳۹۶
بدون رنگ,دنا معمولی,تهران، شهرک غرب,نقدی,دنده‌ای,توافقی,۰,۲۰۱۹ - ۱۳۹۸
تصادفی,دنا معمولی 1700cc,تهران، میدان آزادی,نقدی,دنده‌ای,توافقی,۲۰۰٫۰۰۰,۲۰۱۷ - ۱۳۹۶
بدون رنگ,دنا معمولی 1700cc,تهران، صادقیه,سفید,دنده‌ای,۰,,۲۰۱۹ - ۱۳۹۸
بدون رنگ,دنا معمولی 1700cc,تهران، شهر ری,سفید,دنده‌ای,۱۲۵٫۰۰۰٫۰۰۰ تومان,۰,۲۰۱۹ - ۱۳۹۸
دو لکه رنگ,دنا معمولی 1700cc,تهران، تهرانپارس غربی,سفید,دنده‌ای,سنسور عقب و جلو ، کروز کنترل ، دی لایت ، صندلی برقی ، آینه تاشو برقی,۵۸٫۰۰۰,۲۰۱۶ - ۱۳۹۵
دنده‌ای,دنا معمولی 1700cc,تهران، صادقیه,بدون رنگ,۱۲۴٫۰۰۰٫۰۰۰ تومان,۰,,۲۰۱۹ - ۱۳۹۸
بدون رنگ,دنا معمولی,تهران، ستارخان,سفید,دنده‌ای,۶۵٫۹۰۰٫۰۰۰ تومان,۰,۲۰۱۹ - ۱۳۹۸
یک لکه رنگ,دنا معمولی,تهران، پردیس,دلفینی,دنده‌ای,۱۰۶٫۰۰۰٫۰۰۰ تومان,سنسور عقب و جلو ، کولر دوال ، کروز کنترل ، صندلی برقی ، آینه تاشو برقی ، دوربین 360 درجه,۲۰۱۶ - ۱۳۹۵
بدون رنگ,دنا معمولی,تهران، پاسداران,نقدی و قسطی,دنده‌ای,توافقی,۰,۲۰۱۹ - ۱۳۹۸
دنده‌ای,دنا معمولی,تهران، صادقیه,بدون رنگ,توافقی,۱,,۲۰۱۹ - ۱۳۹۸
دنده‌ای,دنا معمولی 1700cc,تهران، نارمک,بدون رنگ,۷۰٫۰۰۰٫۰۰۰ تومان,۰,,۲۰۱۹ - ۱۳۹۸
بدون رنگ,دنا معمولی 1700cc,تهران، کوی بیمه,سفید,دنده‌ای,۰,,۲۰۱۹ - ۱۳۹۸
بدون رنگ,دنا معمولی 1700cc,تهران، شهریار,سفید,دنده‌ای,۰,,۲۰۱۹ - ۱۳۹۸
دنده‌ای,دنا معمولی,تهران، اکباتان,بدون رنگ,توافقی,۰,,۲۰۱۹ - ۱۳۹۸
بدون رنگ,دنا معمولی 1700cc,تهران، شهرک غرب,نقدی,دنده‌ای,توافقی,۲۸٫۰۰۰,۲۰۱۷ - ۱۳۹۶
,دنا معمولی 1700cc,تهران، شادمان,,,,,۲۰۱۹ - ۱۳۹۸
بدون رنگ,دنا معمولی,تهران، کوی بیمه,سفید,دنده‌ای,سنسور عقب و جلو ، رادار ، آینه تاشو برقی,۰,۲۰۱۹ - ۱۳۹۸
بدون رنگ,دنا معمولی 1700cc,تهران، شهریار,سفید,دنده‌ای,۱۲۳٫۰۰۰٫۰۰۰ تومان,۵۰٫۰۰۰,۲۰۱۸ - ۱۳۹۷
بدون رنگ,دنا معمولی 1700cc,تهران، جنت‌‌آباد مرکزی,نقره‌ای,دنده‌ای,۱۲۶٫۰۰۰٫۰۰۰ تومان,۵۰,۲۰۱۹ - ۱۳۹۸
بدون رنگ,دنا معمولی,تهران، نارمک,مشکی,دنده‌ای,۱۲۹٫۷۰۰٫۰۰۰ تومان,۰,۲۰۱۹ - ۱۳۹۸
بدون رنگ,دنا معمولی 1700cc,تهران، حسن‌آباد شمالی,مشکی,دنده‌ای,۱۱۵٫۰۰۰٫۰۰۰ تومان,کروز کنترل ، صندلی برقی ، آینه تاشو برقی,۲۰۱۷ - ۱۳۹۶
بدون رنگ,دنا معمولی 1700cc,تهران، پونک,مشکی,دنده‌ای,۱۱۲٫۰۰۰٫۰۰۰ تومان,سنسور عقب و جلو ، کروز کنترل ، صندلی برقی ، آینه تاشو برقی,۲۰۱۷ - ۱۳۹۶
دنده‌ای,دنا معمولی,تهران، آرژانتین,بدون رنگ,۱۳۲٫۹۷۰٫۰۰۰ تومان,۰,,۲۰۱۹ - ۱۳۹۸
بدون رنگ,دنا معمولی 1700cc,تهران، جمهوری,خاکستری,دنده‌ای,۰,,۲۰۱۹ - ۱۳۹۸
بدون رنگ,دنا معمولی 1700cc,تهران، اختیاریه,سفید,دنده‌ای,۱۲۱٫۵۰۰٫۰۰۰ تومان,۰,۲۰۱۹ - ۱۳۹۸
بدون رنگ,دنا معمولی 1700cc,تهران، نارمک,سفید,دنده‌ای,سنسور عقب و جلو ، کولر دوال ، دی لایت ، صندلی برقی ، آینه تاشو برقی,۰,۲۰۱۹ - ۱۳۹۸
۰,دنا معمولی 1700cc,تهران، بهارستان,توافقی,,,,۲۰۱۹ - ۱۳۹۸
دنده‌ای,دنا معمولی 1700cc,تهران، ستارخان,بدون رنگ,۰,,,۲۰۱۹ - ۱۳۹۸
بدون رنگ,دنا معمولی 1700cc,تهران، آذربایجان,سفید,دنده‌ای,۱۱۹٫۰۰۰٫۰۰۰ تومان,سرد کن/گرم کن صندلی و فرمان ، دی لایت ، آینه تاشو برقی ، ترمز دستی برقی,۲۰۱۸ - ۱۳۹۷
توافقی,دنا معمولی 1700cc,تهران، تهرانپارس غربی,دنده‌ای,۰,,,۲۰۱۹ - ۱۳۹۸
بدون رنگ,دنا معمولی 1700cc,تهران، شهریار,سفید,دنده‌ای,سنسور عقب و جلو ، دی لایت ، صندلی برقی ، آینه تاشو برقی,۰,۲۰۱۹ - ۱۳۹۸
دنده‌ای,دنا معمولی 1700cc,تهران، پاکدشت,سفید,۱۰۵٫۰۰۰٫۰۰۰ تومان,فرمان برقی ، سنسور عقب و جلو ، کولر دوال ، کروز کنترل ، صندلی برقی ، آینه تاشو برقی ، دوربین 360 درجه,۱۰۵,۲۰۱۶ - ۱۳۹۵
بدون رنگ,دنا معمولی 1700cc,تهران، علم و صنعت,قسطی,دنده‌ای,توافقی,۰,۲۰۱۹ - ۱۳۹۸
بدون رنگ,دنا معمولی 1700cc,تهران، پارک شهر,سفید,دنده‌ای,۱۱۵٫۰۰۰٫۰۰۰ تومان,سنسور عقب و جلو ، کولر دوال ، کروز کنترل ، رادار ، صندلی برقی ، آینه تاشو برقی ، کول باکس,۲۰۱۷ - ۱۳۹۶
بدون رنگ,دنا معمولی 1700cc,تهران، لویزان,سفید,دنده‌ای,۶۵٫۰۰۰٫۰۰۰ تومان,۰,۲۰۱۹ - ۱۳۹۸
بدون رنگ,دنا معمولی,تهران، صادقیه,نقدی,دنده‌ای,توافقی,۰,۲۰۱۹ - ۱۳۹۸
بدون رنگ,دنا معمولی,تهران، پونک,سفید,دنده‌ای,۳۰٫۰۰۰٫۰۰۰ تومان,۰,۲۰۱۹ - ۱۳۹۸
بدون رنگ,دنا معمولی,تهران، دولت‌آباد,مشکی,دنده‌ای,۹۴٫۰۰۰٫۰۰۰ تومان,سنسور عقب و جلو ، کروز کنترل ، دی لایت ، صندلی برقی ، آینه تاشو برقی ، دوربین 360 درجه,۲۰۱۴ - ۱۳۹۳
یک لکه رنگ,دنا معمولی 1700cc,تهران، شهر قدس,سفید,دنده‌ای,۱۱۱٫۰۰۰٫۰۰۰ تومان,دنده پشت فرمان ، سنسور عقب و جلو ، کروز کنترل ، صندلی برقی ، آینه تاشو برقی ، دوربین 360 درجه,۲۰۱۷ - ۱۳۹۶
دو لکه رنگ,دنا معمولی,تهران، مشیریه,خاکستری,دنده‌ای,۱۱۴٫۰۰۰٫۰۰۰ تومان,سنسور عقب و جلو ، کولر دوال ، کروز کنترل ، اتو هلد ، رادار ، دی لایت ، صندلی برقی ، آینه تاشو برقی ، کول باکس ، دوربین 360 درجه,۲۰۱۸ - ۱۳۹۷
۱۳۰٫۰۰۰٫۰۰۰ تومان,دنا معمولی,تهران، پیروزی,تک برگی,۰,,,۲۰۱۹ - ۱۳۹۸
بدون رنگ,دنا معمولی 1700cc,تهران، اکباتان,سفید,دنده‌ای,۱۲۳٫۰۰۰٫۰۰۰ تومان,سنسور عقب و جلو ، کولر دوال ، دی لایت ، صندلی برقی ، آینه تاشو برقی,۲۰۱۸ - ۱۳۹۷
۲۰٫۰۰۰,دنا معمولی 1700cc,تهران، ستارخان,بدون رنگ,,,,۲۰۱۸ - ۱۳۹۷
بدون رنگ,دنا معمولی 1700cc,تهران، نارمک,خاکستری,دنده‌ای,سنسور عقب و جلو ، صندلی برقی ، آینه تاشو برقی,۴۰,۲۰۱۹ - ۱۳۹۸
قسطی,فروشی,تهران، جردن,مشکی,بدون رنگ,دنده‌ای,توافقی,دنا معمولی 1700cc
بدون رنگ,دنا معمولی,تهران، فرمانیه,سفید,دنده‌ای,۱۲۸٫۰۰۰٫۰۰۰ تومان,سنسور عقب و جلو,۲۰۱۹ - ۱۳۹۸
بدون رنگ,دنا معمولی 1700cc,تهران، فلاح,سفید,دنده‌ای,۰,,۲۰۱۹ - ۱۳۹۸
بدون رنگ,دنا معمولی 1700cc,تهران، استاد معین,نقدی,دنده‌ای,توافقی,۰,۲۰۱۹ - ۱۳۹۸
۱۲۹٫۰۰۰٫۰۰۰ تومان,دنا معمولی,تهران، اندیشه,دنده‌ای,۲۹,,,۲۰۱۹ - ۱۳۹۸
بدون رنگ,دنا معمولی 1700cc,تهران، شهر ری,سفید,دنده‌ای,۱۲۵٫۰۰۰٫۰۰۰ تومان,۱۵٫۰۰۰,۲۰۱۸ - ۱۳۹۷
بدون رنگ,دنا معمولی 1700cc,تهران، شهرک ژاندارمری,سفید,دنده‌ای,سنسور عقب و جلو ، کولر دوال ، کروز کنترل ، صندلی برقی ، آینه تاشو برقی ، دوربین 360 درجه,۱۱۲٫۰۰۰,۲۰۱۵ - ۱۳۹۴
بدون رنگ,دنا معمولی 1700cc,تهران، شهر ری,خاکستری,دنده‌ای,۱۱۸٫۰۰۰٫۰۰۰ تومان,سنسور عقب و جلو ، کولر دوال ، کروز کنترل ، صندلی برقی ، آینه تاشو برقی,۲۰۱۸ - ۱۳۹۷
بدون رنگ,دنا معمولی,تهران، شهر ری,نقدی,دنده‌ای,توافقی,۰,۲۰۱۹ - ۱۳۹۸
بدون رنگ,دنا معمولی 1700cc,تهران، سلسبیل,سفید,دنده‌ای,۱۲۱٫۰۰۰٫۰۰۰ تومان,۰,۲۰۱۹ - ۱۳۹۸
دنده‌ای,دنا معمولی 1700cc,تهران، شهرک ولیعصر,بدون رنگ,هستم,سنسور عقب و جلو ، کولر دوال ، کروز کنترل ، دی لایت ، صندلی برقی ، آینه تاشو برقی,۶۹٫۳۰۰,۲۰۱۶ - ۱۳۹۵
,دنا معمولی 1700cc,تهران، امام حسین(ع),,,,,۲۰۱۹ - ۱۳۹۸
۰,دنا معمولی 1700cc,تهران، بهارستان,توافقی,,,,۲۰۱۹ - ۱۳۹۸
دنده‌ای,دنا معمولی,تهران، صادقیه,سفید,۱۲۹٫۵۰۰٫۰۰۰ تومان,۰,,۲۰۱۹ - ۱۳۹۸
دو لکه رنگ,دنا معمولی,تهران، ونک,سفید,دنده‌ای,۹۱٫۷۰۰٫۰۰۰ تومان,فرمان برقی ، سنسور عقب و جلو ، کروز کنترل ، صندلی برقی ، آینه تاشو برقی ، دوربین 360 درجه,۲۰۱۵ - ۱۳۹۴
دنده‌ای,دنا معمولی 1700cc,تهران، نعمت‌آباد,بدون رنگ,سنسور عقب و جلو ، دی لایت ، صندلی برقی ، آینه تاشو برقی ، حافظه صندلی,۰,,۲۰۱۹ - ۱۳۹۸
بدون رنگ,دنا معمولی,تهران، استاد معین,خاکستری,دنده‌ای,۱۲۶٫۵۰۰٫۰۰۰ تومان,۱۸٫۰۰۰,۲۰۱۸ - ۱۳۹۷
بدون رنگ,دنا معمولی 1700cc,تهران، نارمک,سفید,دنده‌ای,۰,,۲۰۱۹ - ۱۳۹۸
دنده‌ای,دنا معمولی 1700cc,تهران، صادقیه,بدون رنگ,توافقی,۰,,۲۰۱۹ - ۱۳۹۸
دنده‌ای,دنا معمولی 1700cc,تهران، ستارخان,سفید,۵۹٫۶۰۰٫۰۰۰ تومان,۱,,۲۰۱۹ - ۱۳۹۸
,فروشی,تهران، نارمک,۱۰۴٫۰۰۰,,,,دنا معمولی 1700cc
بدون رنگ,دنا معمولی 1700cc,تهران، آهنگ,سفید,دنده‌ای,۰,,۲۰۱۹ - ۱۳۹۸
دنده‌ای,دنا معمولی,تهران، پارک آزادگان,سفید,۱۲۷٫۰۰۰٫۰۰۰ تومان,آینه تاشو برقی,۱۲٫۰۰۰,۲۰۱۹ - ۱۳۹۸
بدون رنگ,دنا معمولی 1700cc,تهران، جنت‌‌آباد مرکزی,مشکی,دنده‌ای,آینه تاشو برقی,۰,۲۰۱۹ - ۱۳۹۸
بدون رنگ,دنا معمولی,تهران، نارمک,نقدی,دنده‌ای,توافقی,۰,۲۰۱۹ - ۱۳۹۸
بدون رنگ,دنا معمولی,تهران، ستارخان,سفید,دنده‌ای,۱۲۵٫۰۰۰٫۰۰۰ تومان,سنسور عقب و جلو ، کولر دوال ، دی لایت ، صندلی برقی ، آینه تاشو برقی,۲۰۱۹ - ۱۳۹۸
بدون رنگ,دنا معمولی 1700cc,تهران، شهرک غرب,نقدی,دنده‌ای,توافقی,۰,۲۰۱۹ - ۱۳۹۸
بدون رنگ,دنا معمولی 1700cc,تهران، بهارستان,خاکستری,دنده‌ای,۷۵,,۲۰۱۹ - ۱۳۹۸
یک لکه رنگ,دنا معمولی,تهران، ستارخان,سرمه‌ای,دنده‌ای,۱۱۲٫۰۰۰٫۰۰۰ تومان,۷٫۰۰۰,۲۰۱۷ - ۱۳۹۶
۹۶٫۰۰۰٫۰۰۰ تومان,دنا معمولی 1700cc,تهران، شهر ری,تک برگی,۸۵٫۰۰۰,,,۲۰۱۶ - ۱۳۹۵
بدون رنگ,دنا معمولی 1700cc,تهران، نظام‌آباد,آبی,دنده‌ای,۱۱۴٫۰۰۰٫۰۰۰ تومان,کروز کنترل ، صندلی برقی,۲۰۱۷ - ۱۳۹۶
یک لکه رنگ,دنا معمولی 1700cc,تهران، پرند,سفید,دنده‌ای,۹۹٫۵۰۰٫۰۰۰ تومان,فرمان برقی ، سنسور عقب و جلو ، کولر دوال ، کروز کنترل ، دی لایت ، صندلی برقی ، آینه تاشو برقی,۲۰۱۶ - ۱۳۹۵
بدون رنگ,دنا معمولی,تهران، چیتگر شمالی,مشکی,دنده‌ای,۱۱۰٫۰۰۰٫۰۰۰ تومان,۴۵٫۰۰۰,۲۰۱۶ - ۱۳۹۵
۰,دنا معمولی 1700cc,تهران، اقدسیه,تک برگی,,,,۲۰۱۹ - ۱۳۹۸
بدون رنگ,دنا معمولی 1700cc,تهران، ستارخان,نقدی,دنده‌ای,توافقی,۰,۲۰۱۹ - ۱۳۹۸
دو لکه رنگ,دنا معمولی 1700cc,تهران، پیروزی,سفید,دنده‌ای,۹۲٫۰۰۰٫۰۰۰ تومان,۸۰٫۰۰۰,۲۰۱۵ - ۱۳۹۴
بدون رنگ,دنا معمولی 1700cc,تهران، قرچک,سفید,دنده‌ای,۱۰۲٫۰۰۰٫۰۰۰ تومان,سنسور عقب و جلو ، کروز کنترل ، صندلی برقی ، آینه تاشو برقی,۲۰۱۵ - ۱۳۹۴
,دنا معمولی,تهران، پیروزی,۰,,,,۲۰۱۹ - ۱۳۹۸
بدون رنگ,دنا معمولی,تهران، قرچک,سفید,دنده‌ای,۱۱۲٫۰۰۰٫۰۰۰ تومان,سنسور عقب و جلو ، کروز کنترل ، صندلی برقی ، آینه تاشو برقی ، دوربین 360 درجه,۲۰۱۷ - ۱۳۹۶
بدون رنگ,دنا معمولی,تهران، صادقیه,سفید,دنده‌ای,۱۲۰٫۰۰۰٫۰۰۰ تومان,۵۰٫۰۰۰,۲۰۱۷ - ۱۳۹۶
,دنا معمولی,تهران، یوسف‌آباد,۰,,,,۲۰۱۹ - ۱۳۹۸
دنده‌ای,دنا معمولی 1700cc,تهران، قصر,بدون رنگ,۰,,,۲۰۱۹ - ۱۳۹۸
بدون رنگ,دنا معمولی 1700cc,تهران، سهروردی شمالی,سفید,دنده‌ای,۷۰٫۰۰۰٫۰۰۰ تومان,۰,۲۰۱۹ - ۱۳۹۸
بدون رنگ,دنا معمولی 1700cc,تهران، عشرت‌آباد,نقدی,دنده‌ای,توافقی,سنسور عقب و جلو ، کروز کنترل ، صندلی برقی ، آینه تاشو برقی,۲۰۱۸ - ۱۳۹۷
بدون رنگ,دنا معمولی 1700cc,تهران، صادقیه,سفید,دنده‌ای,۱۲۶٫۰۰۰٫۰۰۰ تومان,۰,۲۰۱۹ - ۱۳۹۸
بدون رنگ,دنا معمولی 1700cc,تهران، جنت‌‌آباد مرکزی,مشکی,دنده‌ای,۱۱۳٫۰۰۰٫۰۰۰ تومان,۴۷٫۰۰۰,۲۰۱۷ - ۱۳۹۶
دنده‌ای,دنا معمولی 1700cc,تهران، صادقیه,بدون رنگ,توافقی,۰,,۲۰۱۹ - ۱۳۹۸
دنده‌ای,دنا معمولی,تهران، سعادت‌آباد,بدون رنگ,توافقی,۰,,۲۰۱۹ - ۱۳۹۸
دنده‌ای,فروشی,تهران، صادقیه,قسطی,توافقی,۰,,دنا معمولی 1700cc
بدون رنگ,دنا معمولی,تهران، جمال‌زاده,سفید,دنده‌ای,۱۲۲٫۰۰۰٫۰۰۰ تومان,۵٫۰۰۰,۲۰۱۹ - ۱۳۹۸
بدون رنگ,دنا معمولی,تهران، صادقیه,سفید,دنده‌ای,۱۱۹٫۰۰۰٫۰۰۰ تومان,سنسور عقب و جلو ، کروز کنترل ، صندلی برقی ، آینه تاشو برقی,۲۰۱۷ - ۱۳۹۶
نقدی,فروشی,تهران، طرشت,سفید,بدون رنگ,دنده‌ای,توافقی,دنا معمولی 1700cc
بدون رنگ,دنا معمولی 1700cc,تهران، پیروزی,مشکی,دنده‌ای,۱۱۵٫۰۰۰٫۰۰۰ تومان,فرمان برقی ، کروز کنترل ، صندلی برقی ، آینه تاشو برقی,۲۰۱۷ - ۱۳۹۶
بدون رنگ,دنا معمولی 1700cc,تهران، فلاح,نقدی,دنده‌ای,توافقی,۰,۲۰۱۹ - ۱۳۹۸
بدون رنگ,دنا معمولی 1700cc,تهران، حسن‌آباد,سفید,دنده‌ای,سنسور عقب و جلو ، کروز کنترل ، دی لایت ، صندلی برقی ، آینه تاشو برقی ، دوربین 360 درجه,۱۰٫۰۰۰,۲۰۱۹ - ۱۳۹۸
بدون رنگ,دنا معمولی 1700cc,تهران، تجریش,سفید,دنده‌ای,سنسور عقب و جلو ، صندلی برقی ، آینه تاشو برقی,۰,۲۰۱۹ - ۱۳۹۸
۰,دنا معمولی 1700cc,تهران، سید خندان,توافقی,,,,۲۰۱۹ - ۱۳۹۸
دو لکه رنگ,دنا معمولی 1700cc,تهران، شهرک گلستان,سفید,دنده‌ای,سنسور عقب و جلو ، کروز کنترل ، آینه تاشو برقی,۱۲۰,۲۰۱۴ - ۱۳۹۳
دنده‌ای,دنا معمولی 1700cc,تهران، ستارخان,بدون رنگ,۰,,,۲۰۱۹ - ۱۳۹۸
بدون رنگ,دنا معمولی 1700cc,تهران، شهرک فاطمه الزهرا,سفید,دنده‌ای,۱۱۰٫۰۰۰٫۰۰۰ تومان,سنسور عقب و جلو ، کروز کنترل ، صندلی برقی ، آینه تاشو برقی,۲۰۱۸ - ۱۳۹۷
بدون رنگ,دنا معمولی 1700cc,تهران، شهرک شریعتی,سفید,دنده‌ای,۱۰۰,,۲۰۱۹ - ۱۳۹۸
بدون رنگ,دنا معمولی 1700cc,تهران، شهرآرا,سفید,دنده‌ای,۱۰۷٫۰۰۰٫۰۰۰ تومان,۵۱٫۰۰۰,۲۰۱۶ - ۱۳۹۵
بدون رنگ,دنا معمولی,تهران، بلوار کشاورز,سفید,دنده‌ای,۱۲۸٫۰۰۰٫۰۰۰ تومان,۰,۲۰۱۹ - ۱۳۹۸
دو لکه رنگ,دنا معمولی 1700cc,تهران، آجودانیه,سفید,دنده‌ای,۱۰۰٫۰۰۰٫۰۰۰ تومان,۵۷,۲۰۱۷ - ۱۳۹۶
دو لکه رنگ,دنا معمولی 1700cc,تهران، اندیشه,خاکستری,دنده‌ای,۱۱۰٫۰۰۰٫۰۰۰ تومان,۵۳٫۰۰۰,۲۰۱۷ - ۱۳۹۶
بدون رنگ,دنا معمولی 1700cc,تهران، پردیس,سفید,دنده‌ای,۹۳٫۰۰۰٫۰۰۰ تومان,۱۱۹٫۰۰۰,۲۰۱۵ - ۱۳۹۴
بدون رنگ,دنا معمولی 1700cc,تهران، استاد معین,سفید,دنده‌ای,۱۱۳٫۸۰۰٫۰۰۰ تومان,۳۲٫۰۰۰,۲۰۱۷ - ۱۳۹۶
,دنا معمولی,تهران، حکیمیه,۱,,,,۲۰۱۷ - ۱۳۹۶
بدون رنگ,دنا معمولی 1700cc,تهران، تهران‌سر,خاکستری,دنده‌ای,۰,,۲۰۱۹ - ۱۳۹۸
بدون رنگ,دنا معمولی 1700cc,تهران، عشرت‌آباد,سفید,دنده‌ای,۱۱۸٫۵۰۰٫۰۰۰ تومان,سنسور عقب و جلو ، کروز کنترل ، صندلی برقی ، آینه تاشو برقی,۲۰۱۸ - ۱۳۹۷
بدون رنگ,دنا معمولی,تهران، بهاران,سفید,دنده‌ای,۱۱۵٫۰۰۰٫۰۰۰ تومان,سنسور عقب و جلو ، کروز کنترل ، صندلی برقی ، آینه تاشو برقی,۲۰۱۷ - ۱۳۹۶
بدون رنگ,دنا معمولی 1700cc,تهران، تهرانپارس غربی,آبی,دنده‌ای,فرمان برقی ، سنسور عقب و جلو ، کولر دوال ، کروز کنترل ، رادار ، دی لایت ، صندلی برقی ، آینه تاشو برقی ، حافظه صندلی,۲۱٫۰۰۰,۲۰۱۸ - ۱۳۹۷
بدون رنگ,دنا معمولی 1700cc,تهران، طالقانی,آبی,دنده‌ای,۱۰۵٫۲۰۰٫۰۰۰ تومان,۶۰٫۰۰۰,۲۰۱۶ - ۱۳۹۵
بدون رنگ,دنا معمولی 1700cc,تهران، حکیمیه,سفید,دنده‌ای,۱۰۵٫۵۰۰٫۰۰۰ تومان,سنسور عقب و جلو ، دی لایت ، صندلی برقی ، آینه تاشو برقی,۲۰۱۶ - ۱۳۹۵
نقدی,فروشی,تهران، نارمک,مشکی,بدون رنگ,دنده‌ای,۰,دنا معمولی 1700cc
دو لکه رنگ,دنا معمولی,تهران، شهران شمالی,مشکی,دنده‌ای,۱۰۵٫۰۰۰٫۰۰۰ تومان,سنسور عقب و جلو ، کولر دوال ، کروز کنترل ، دی لایت ، صندلی کودک ، صندلی برقی ، آینه تاشو برقی ، دوربین 360 درجه,۲۰۱۶ - ۱۳۹۵
دنده‌ای,دنا معمولی,تهران، شهریار,بدون رنگ,۱۱۳٫۰۰۰٫۰۰۰ تومان,۵۸,,۲۰۱۷ - ۱۳۹۶
بدون رنگ,دنا معمولی,تهران، ارم,خاکستری,دنده‌ای,۱۳۱٫۰۰۰٫۰۰۰ تومان,۰,۲۰۱۹ - ۱۳۹۸
بدون رنگ,دنا معمولی,تهران، مشیریه,خاکستری,دنده‌ای,۱۱۰٫۰۰۰٫۰۰۰ تومان,فرمان برقی ، سنسور عقب و جلو ، کروز کنترل ، دی لایت ، صندلی برقی ، آینه تاشو برقی,۲۰۱۷ - ۱۳۹۶
بدون رنگ,دنا معمولی 1700cc,تهران، مطهری,سفید,دنده‌ای,۱۱۷٫۰۰۰٫۰۰۰ تومان,سنسور عقب و جلو ، کروز کنترل ، صندلی برقی ، دوربین 360 درجه,۲۰۱۸ - ۱۳۹۷
بدون رنگ,دنا معمولی 1700cc,تهران، صادقیه,نقدی,دنده‌ای,توافقی,۰,۲۰۱۹ - ۱۳۹۸
بدون رنگ,فروشی,تهران، عباس‌آباد,نقدی و قسطی,دنده‌ای,توافقی,۰,دنا معمولی 1700cc
بدون رنگ,دنا معمولی 1700cc,تهران، نارمک,سفید,دنده‌ای,فرمان برقی ، کولر دوال ، دی لایت ، صندلی برقی ، آینه تاشو برقی ، ترمز دستی برقی,۹۰۰,۲۰۱۹ - ۱۳۹۸
بدون رنگ,دنا معمولی,تهران، صادقیه,سفید,دنده‌ای,۱۲۰٫۰۰۰٫۰۰۰ تومان,۰,۲۰۱۹ - ۱۳۹۸
بدون رنگ,دنا معمولی 1700cc,تهران، شهرک شریفی,سفید,دنده‌ای,۱۱۵٫۰۰۰٫۰۰۰ تومان,فرمان برقی ، سنسور عقب و جلو ، کولر دوال ، کروز کنترل ، رادار ، دی لایت ، صندلی برقی ، آینه تاشو برقی ، کول باکس ، دوربین 360 درجه,۲۰۱۷ - ۱۳۹۶
فرمان برقی ، سنسور عقب و جلو ، کروز کنترل ، دی لایت ، صندلی برقی ، آینه تاشو برقی,دنا معمولی 1700cc,تهران، نظام‌آباد,۹۱٫۰۰۰٫۰۰۰ تومان,۸۶٫۰۰۰,,,۲۰۱۶ - ۱۳۹۵
بدون رنگ,دنا معمولی,تهران، شهر قدس,آبی,دنده‌ای,۱۱۶٫۰۰۰٫۰۰۰ تومان,فرمان برقی ، کروز کنترل ، صندلی برقی ، آینه تاشو برقی,۲۰۱۸ - ۱۳۹۷
,دنا معمولی 1700cc,تهران، نارمک,,,,,۲۰۱۹ - ۱۳۹۸
بدون رنگ,دنا معمولی 1700cc,تهران، نازی‌آباد,نقدی,دنده‌ای,توافقی,۲۰۰,۲۰۱۹ - ۱۳۹۸
بدون رنگ,دنا معمولی 1700cc,تهران، پاسداران,سفید,دنده‌ای,۱۱۵٫۰۰۰٫۰۰۰ تومان,سنسور عقب و جلو ، کروز کنترل ، رادار ، صندلی برقی ، آینه تاشو برقی,۲۰۱۷ - ۱۳۹۶
بدون رنگ,دنا معمولی,تهران، شهرک غزالی,سفید,دنده‌ای,۱۲۷٫۰۰۰٫۰۰۰ تومان,سنسور عقب و جلو ، رادار ، صندلی کودک ، صندلی برقی ، آینه تاشو برقی,۲۰۱۹ - ۱۳۹۸
بدون رنگ,دنا معمولی 1700cc,تهران، نارمک,مشکی,دنده‌ای,۱۰۵٫۰۰۰٫۰۰۰ تومان,۶۱٫۰۰۰,۲۰۱۶ - ۱۳۹۵
بدون رنگ,دنا معمولی,تهران، استخر,سفید صدفی,دنده‌ای,۱۲۴٫۰۰۰٫۰۰۰ تومان,سنسور عقب و جلو ، اتو هلد ، دی لایت ، صندلی کودک ، صندلی برقی ، آینه تاشو برقی ، حافظه صندلی ، دوربین 360 درجه,۲۰۱۹ - ۱۳۹۸
بدون رنگ,دنا معمولی 1700cc,تهران، اندیشه,مشکی,دنده‌ای,۱۰۵٫۰۰۰٫۰۰۰ تومان,۸۸٫۰۰۰,۲۰۱۶ - ۱۳۹۵
بدون رنگ,دنا معمولی 1700cc,تهران، اندیشه,سفید,دنده‌ای,۱۱۶٫۰۰۰٫۰۰۰ تومان,۵۵٫۰۰۰,۲۰۱۷ - ۱۳۹۶
دنده‌ای,دنا معمولی,تهران، پیروزی,سفید,۱۰۹٫۵۰۰٫۰۰۰ تومان,۷۹٫۰۰۰,,۲۰۱۷ - ۱۳۹۶
بدون رنگ,دنا معمولی,تهران، دروازه شمیران,سفید,دنده‌ای,۱۱۸٫۵۰۰٫۰۰۰ تومان,سنسور عقب و جلو ، کروز کنترل ، صندلی برقی ، آینه تاشو برقی,۲۰۱۸ - ۱۳۹۷
یک لکه رنگ,دنا معمولی 1700cc,تهران، تهران‌سر,سفید,دنده‌ای,۱۱۷٫۰۰۰٫۰۰۰ تومان,۸۰٫۰۰۰,۲۰۱۸ - ۱۳۹۷
دنده‌ای,دنا معمولی 1700cc,تهران، شهر قدس,یک لکه رنگ,۱۱۰٫۰۰۰٫۰۰۰ تومان,سنسور عقب و جلو ، کولر دوال ، کروز کنترل ، صندلی برقی ، آینه تاشو برقی,۵۳,۲۰۱۶ - ۱۳۹۵
یک لکه رنگ,دنا معمولی 1700cc,تهران، شهرک فردوس,سفید,دنده‌ای,۱۰۵٫۰۰۰٫۰۰۰ تومان,سنسور عقب و جلو ، کروز کنترل ، صندلی برقی ، آینه تاشو برقی,۲۰۱۶ - ۱۳۹۵
بدون رنگ,دنا معمولی,تهران، تهران‌نو,سفید,دنده‌ای,۱۰۸٫۰۰۰٫۰۰۰ تومان,۴۵٫۰۰۰,۲۰۱۶ - ۱۳۹۵
بدون رنگ,دنا معمولی,تهران، نارمک,خاکستری,دنده‌ای,۱۲۰٫۰۰۰٫۰۰۰ تومان,۰,۲۰۱۹ - ۱۳۹۸
دو لکه رنگ,دنا معمولی 1700cc,تهران، نارمک,آبی,دنده‌ای,۸۹٫۰۰۰٫۰۰۰ تومان,۱۲۳٫۰۰۰,۲۰۱۶ - ۱۳۹۵
بدون رنگ,دنا معمولی,تهران، مطهری,سفید,دنده‌ای,۱۲۷٫۰۰۰٫۰۰۰ تومان,۰,۲۰۱۹ - ۱۳۹۸
دنده‌ای,دنا معمولی 1700cc,تهران، شهر قدس,بدون رنگ,سنسور عقب و جلو ، کروز کنترل ، صندلی برقی ، آینه تاشو برقی,۵۶٫۰۰۰,,۲۰۱۷ - ۱۳۹۶
بدون رنگ,دنا معمولی,تهران، مشیریه,آبی,دنده‌ای,۹۸٫۵۰۰٫۰۰۰ تومان,۵۷٫۰۰۰,۲۰۱۵ - ۱۳۹۴
یک لکه رنگ,دنا معمولی 1700cc,تهران، تهرانپارس غربی,آبی,دنده‌ای,۱۰۲٫۰۰۰٫۰۰۰ تومان,کروز کنترل ، صندلی برقی ، آینه تاشو برقی ، دوربین 360 درجه,۲۰۱۶ - ۱۳۹۵
بدون رنگ,دنا معمولی 1700cc,تهران، فشم,مشکی,دنده‌ای,۹۵٫۰۰۰٫۰۰۰ تومان,صندلی برقی ، آینه تاشو برقی,۲۰۱۴ - ۱۳۹۳
بدون رنگ,دنا معمولی 1700cc,تهران، شهرک چشمه,سرمه‌ای,دنده‌ای,۱۹٫۴۰۰,,۲۰۱۸ - ۱۳۹۷
بدون رنگ,دنا معمولی 1700cc,تهران، جردن,مشکی,دنده‌ای,۱۱۹٫۰۰۰٫۰۰۰ تومان,فرمان برقی ، سنسور عقب و جلو ، کولر دوال ، کروز کنترل ، اتو هلد ، رادار ، دی لایت ، صندلی کودک ، صندلی برقی ، آینه تاشو برقی ، حافظه صندلی ، کول باکس ، ترمز دستی برقی ، دوربین 360 درجه,۲۰۱۹ - ۱۳۹۸
بدون رنگ,دنا معمولی,تهران، ستارخان,سفید,دنده‌ای,۱۳۱٫۰۰۰٫۰۰۰ تومان,صندلی برقی,۲۰۱۹ - ۱۳۹۸
تک برگی,دنا معمولی 1700cc,تهران، سوهانک,بدون رنگ,۱۲۴٫۰۰۰٫۰۰۰ تومان,۲۹٫۰۰۰,,۲۰۱۸ - ۱۳۹۷
یک لکه رنگ,دنا معمولی 1700cc,تهران، قنات‌کوثر,سفید,دنده‌ای,۱۰۷٫۰۰۰٫۰۰۰ تومان,۴۷٫۴۰۰,۲۰۱۷ - ۱۳۹۶
نقدی و قسطی,فروشی,تهران، تهران‌نو,سفید,بدون رنگ,دنده‌ای,۷۶٫۰۰۰٫۰۰۰ تومان,دنا معمولی
,دنا معمولی 1700cc,تهران، شهر ری,,,,,۲۰۱۶ - ۱۳۹۵
بدون رنگ,دنا معمولی 1700cc,تهران، پاکدشت,سفید,دنده‌ای,۱۰۶٫۰۰۰٫۰۰۰ تومان,۹۰٫۰۰۰,۲۰۱۶ - ۱۳۹۵
سنسور عقب و جلو ، کروز کنترل ، آینه تاشو برقی,دنا معمولی 1700cc,تهران، تهران‌سر,۱۰۳٫۰۰۰٫۰۰۰ تومان,۱۱۰٫۰۰۰,,,۲۰۱۶ - ۱۳۹۵
بدون رنگ,دنا معمولی 1700cc,تهران، نارمک,نقدی و قسطی,دنده‌ای,توافقی,۰,۲۰۱۹ - ۱۳۹۸
یک لکه رنگ,دنا معمولی,تهران، شهرک دانشگاه,سفید,دنده‌ای,۱۰۵٫۰۰۰٫۰۰۰ تومان,۸۹٫۰۰۰,۲۰۱۷ - ۱۳۹۶
آینه تاشو برقی,دنا معمولی 1700cc,تهران، سید خندان,تک برگی,۰,,,۲۰۱۹ - ۱۳۹۸
بدون رنگ,فروشی,تهران، نارمک,نقدی و قسطی,دنده‌ای,۷۲٫۰۰۰٫۰۰۰ تومان,۰,دنا معمولی 1700cc
نقدی و قسطی,فروشی,تهران، نارمک,سفید,بدون رنگ,دنده‌ای,۶۳٫۰۰۰٫۰۰۰ تومان,دنا معمولی 1700cc
بدون رنگ,دنا معمولی 1700cc,تهران، پاسداران,سفید,دنده‌ای,۱۳٫۵۰۰٫۰۰۰ تومان,۰,۲۰۱۸ - ۱۳۹۷
دنده‌ای,دنا معمولی 1700cc,تهران، سهروردی شمالی,بدون رنگ,توافقی,۱,,۲۰۱۹ - ۱۳۹۸
نقدی و قسطی,فروشی,تهران، صادقیه,مشکی,دنده‌ای,توافقی,۰,دنا معمولی 1700cc
سنسور عقب و جلو ، کولر دوال ، کروز کنترل ، رادار ، صندلی برقی ، آینه تاشو برقی,دنا معمولی,تهران، بهارستان,توافقی,۲,,,۲۰۱۹ - ۱۳۹۸
,دنا معمولی 1700cc,مشهد، قاسم آباد (شهرک غرب),,,,,۲۰۱۹ - ۱۳۹۸
بدون رنگ,دنا معمولی 1700cc,اصفهان، آتشگاه,مشکی,دنده‌ای,۰,,۲۰۱۹ - ۱۳۹۸
بدون رنگ,دنا معمولی 1700cc,اصفهان، حکیم نظامی,سفید,دنده‌ای,۱۱۷٫۰۰۰٫۰۰۰ تومان,سنسور عقب و جلو ، کروز کنترل ، صندلی برقی ، آینه تاشو برقی,۲۰۱۸ - ۱۳۹۷
بدون رنگ,دنا معمولی 1700cc,مشهد، میدان شهدا,سفید,دنده‌ای,۱۲۵٫۰۰۰٫۰۰۰ تومان,اتو هلد ، دی لایت ، آینه تاشو برقی ، ترمز دستی برقی,۲۰۱۹ - ۱۳۹۸
یک لکه رنگ,دنا معمولی 1700cc,تبریز,خاکستری,دنده‌ای,۱۰۷٫۰۰۰٫۰۰۰ تومان,سنسور عقب و جلو ، کولر دوال ، کروز کنترل ، دی لایت ، صندلی برقی ، آینه تاشو برقی ، دوربین 360 درجه,۲۰۱۶ - ۱۳۹۵
بدون رنگ,دنا معمولی 1700cc,تبریز,نقدی,دنده‌ای,توافقی,۰,۲۰۱۹ - ۱۳۹۸
بدون رنگ,دنا معمولی,تبریز,سفید,دنده‌ای,۱۳۰٫۰۰۰٫۰۰۰ تومان,۰,۲۰۱۹ - ۱۳۹۸
بدون رنگ,دنا معمولی,اصفهان، بهارستان,مشکی,دنده‌ای,۱۲۰٫۰۰۰٫۰۰۰ تومان,۲۶٫۰۰۰,۲۰۱۸ - ۱۳۹۷
۰,دنا معمولی 1700cc,اصفهان، سه راه سیمین,دنده‌ای,,,,۲۰۱۹ - ۱۳۹۸
دو لکه رنگ,دنا معمولی 1700cc,مشهد، پیروزی,مشکی,دنده‌ای,۹۲٫۰۰۰٫۰۰۰ تومان,سنسور عقب و جلو ، کروز کنترل ، صندلی برقی ، آینه تاشو برقی ، دوربین 360 درجه,۲۰۱۶ - ۱۳۹۵
بدون رنگ,دنا معمولی,مشهد، سید رضی,سفید,دنده‌ای,۱۲۷٫۰۰۰٫۰۰۰ تومان,۰,۲۰۱۹ - ۱۳۹۸
بدون رنگ,دنا معمولی 1700cc,مشهد، قاسم آباد (شهرک غرب),قهوه‌ای,دنده‌ای,سنسور عقب و جلو ، کولر دوال ، کروز کنترل ، صندلی برقی ، آینه تاشو برقی ، دوربین 360 درجه,۷۵٫۰۰۰,۲۰۱۶ - ۱۳۹۵
توافقی,دنا معمولی 1700cc,مشهد، کاشمر,تک برگی,۰,,,۲۰۱۹ - ۱۳۹۸
بدون رنگ,دنا معمولی,مشهد، آزادشهر,سفید,دنده‌ای,۱۲۸٫۵۰۰٫۰۰۰ تومان,۰,۲۰۱۹ - ۱۳۹۸
۵۰٫۰۰۰,دنا معمولی 1700cc,مشهد، احمدآباد,سنسور عقب و جلو ، کروز کنترل ، دی لایت ، صندلی برقی ، آینه تاشو برقی,,,,۲۰۱۸ - ۱۳۹۷
فرمان برقی ، سنسور عقب و جلو ، کولر دوال ، کروز کنترل ، رادار ، دی لایت ، صندلی کودک ، صندلی برقی ، آینه تاشو برقی ، کول باکس ، ترمز دستی برقی,دنا معمولی 1700cc,مشهد، عبادی,۱۲۰٫۰۰۰٫۰۰۰ تومان,۳۸٫۰۰۰,,,۲۰۱۸ - ۱۳۹۷
یک لکه رنگ,دنا معمولی 1700cc,مشهد، آزادشهر,قهوه‌ای,دنده‌ای,۱۰۵٫۰۰۰٫۰۰۰ تومان,فرمان برقی ، سنسور عقب و جلو ، دی لایت ، صندلی برقی ، آینه تاشو برقی,۲۰۱۶ - ۱۳۹۵
بدون رنگ,دنا معمولی 1700cc,مشهد، پیروزی,نقره‌ای,دنده‌ای,۱۱۹٫۰۰۰٫۰۰۰ تومان,فرمان برقی ، سنسور عقب و جلو ، کولر دوال ، کروز کنترل ، اتو هلد ، دی لایت ، صندلی کودک ، صندلی برقی ، آینه تاشو برقی ، دوربین 360 درجه,۲۰۱۸ - ۱۳۹۷
دنده‌ای,دنا معمولی 1700cc,مشهد، هاشمیه,نقدی,توافقی,فرمان برقی ، سنسور عقب و جلو ، کولر دوال ، کروز کنترل ، صندلی برقی ، ترمز دستی برقی ، دوربین 360 درجه,۰,۲۰۱۹ - ۱۳۹۸
بدون رنگ,دنا معمولی 1700cc,مشهد، معلم,سفید,دنده‌ای,۰,,۲۰۱۹ - ۱۳۹۸
بدون رنگ,دنا معمولی 1700cc,مشهد، ۱۷ شهریور,مشکی,دنده‌ای,کولر دوال ، رادار ، دی لایت ، صندلی برقی ، آینه تاشو برقی,۴۵۰,۲۰۱۹ - ۱۳۹۸
بدون رنگ,دنا معمولی,مشهد، ابوطالب,سفید,دنده‌ای,۱۲۸٫۰۰۰٫۰۰۰ تومان,۰,۲۰۱۹ - ۱۳۹۸
یک لکه رنگ,دنا معمولی 1700cc,مشهد، پیروزی,سفید,دنده‌ای,۱۰۸٫۰۰۰٫۰۰۰ تومان,سنسور عقب و جلو ، کروز کنترل ، صندلی برقی ، آینه تاشو برقی,۲۰۱۷ - ۱۳۹۶
دنده‌ای,دنا معمولی,مشهد، طلاب,سفید,۹۶٫۹۰۰٫۰۰۰ تومان,فرمان برقی ، سنسور عقب و جلو ، کروز کنترل ، آینه تاشو برقی ، ترمز دستی برقی ، دوربین 360 درجه,۱۰۰,۲۰۱۵ - ۱۳۹۴
بدون رنگ,دنا معمولی 1700cc,مشهد، طبرسی,سفید,دنده‌ای,۱۲۵٫۰۰۰٫۰۰۰ تومان,۰,۲۰۱۹ - ۱۳۹۸
یک لکه رنگ,دنا معمولی 1700cc,مشهد، ۱۷ شهریور,سفید,دنده‌ای,۱۰۲٫۰۰۰٫۰۰۰ تومان,سنسور عقب و جلو ، کولر دوال ، کروز کنترل ، صندلی برقی ، آینه تاشو برقی,۲۰۱۶ - ۱۳۹۵
بدون رنگ,دنا معمولی,مشهد، امام رضا,سفید,دنده‌ای,۹۶٫۰۰۰٫۰۰۰ تومان,فرمان برقی ، سنسور عقب و جلو ، کولر دوال ، کروز کنترل ، صندلی برقی ، آینه تاشو برقی,۲۰۱۵ - ۱۳۹۴
یک لکه رنگ,دنا معمولی 1700cc,کرج، مهرشهر,خاکستری,دنده‌ای,۱۰۸٫۰۰۰٫۰۰۰ تومان,سنسور عقب و جلو ، کروز کنترل ، آینه تاشو برقی,۲۰۱۷ - ۱۳۹۶
بدون رنگ,دنا معمولی,مشهد، آزادشهر,سفید,دنده‌ای,۱۱۵٫۵۰۰٫۰۰۰ تومان,سنسور عقب و جلو ، کولر دوال ، کروز کنترل ، صندلی برقی ، آینه تاشو برقی ، دوربین 360 درجه,۲۰۱۷ - ۱۳۹۶
بدون رنگ,دنا معمولی 1700cc,کرج، هشتگرد,خاکستری,دنده‌ای,۱۲۰٫۰۰۰٫۰۰۰ تومان,سنسور عقب و جلو ، کروز کنترل ، صندلی برقی ، آینه تاشو برقی,۲۰۱۸ - ۱۳۹۷
,دنا معمولی 1700cc,مشهد، هنرستان,۰,,,,۲۰۱۹ - ۱۳۹۸
بدون رنگ,دنا معمولی 1700cc,کرج، مشکین دشت,خاکستری,دنده‌ای,۶۰٫۰۰۰٫۰۰۰ تومان,۱,۲۰۱۹ - ۱۳۹۸
بدون رنگ,دنا معمولی 1700cc,مشهد، جانباز,نقدی,دنده‌ای,توافقی,۰,۲۰۱۹ - ۱۳۹۸
بدون رنگ,دنا معمولی,کرج، شهر جدید اندیشه,سفید,دنده‌ای,۱۳۳٫۰۰۰٫۰۰۰ تومان,سنسور عقب و جلو ، آینه تاشو برقی,۲۰۱۹ - ۱۳۹۸
دنده‌ای,دنا معمولی,کرج، گوهردشت,سفید,۱۲۹٫۰۰۰٫۰۰۰ تومان,فرمان برقی ، سنسور عقب و جلو ، کولر دوال ، اتو هلد ، صندلی برقی ، آینه تاشو برقی ، دوربین 360 درجه,۰,۲۰۱۹ - ۱۳۹۸
بدون رنگ,دنا معمولی 1700cc,کرج، ماهدشت,خاکستری,دنده‌ای,۶۰٫۰۰۰٫۰۰۰ تومان,۱,۲۰۱۹ - ۱۳۹۸
بدون رنگ,دنا معمولی 1700cc,مشهد، تربت حیدریه,سفید,دنده‌ای,۹۸٫۰۰۰٫۰۰۰ تومان,فرمان برقی ، سنسور عقب و جلو ، کروز کنترل ، رادار ، صندلی برقی ، آینه تاشو برقی ، ترمز دستی برقی,۲۰۱۵ - ۱۳۹۴
بدون رنگ,دنا معمولی 1700cc,کرج، گوهردشت,دلفینی,دنده‌ای,۱۱۷٫۰۰۰٫۰۰۰ تومان,فرمان برقی ، سنسور عقب و جلو ، کولر دوال ، کروز کنترل ، اتو هلد ، دی لایت ، صندلی برقی ، آینه تاشو برقی ، ترمز دستی برقی ، دوربین 360 درجه,۲۰۱۸ - ۱۳۹۷
بدون رنگ,دنا معمولی 1700cc,کرج، فردیس,نقدی,دنده‌ای,توافقی,۶۷٫۰۰۰,۲۰۱۵ - ۱۳۹۴
بدون رنگ,دنا معمولی,کرمانشاه,سفید,دنده‌ای,۰,,۲۰۱۹ - ۱۳۹۸
بدون رنگ,دنا معمولی,کرمانشاه,نقدی,دنده‌ای,توافقی,۰,۲۰۱۹ - ۱۳۹۸
بدون رنگ,دنا معمولی,کرمانشاه,نقدی,دنده‌ای,توافقی,کولر دوال ، کروز کنترل ، صندلی برقی ، آینه تاشو برقی ، دوربین 360 درجه,۲۰۱۵ - ۱۳۹۴
بدون رنگ,دنا معمولی 1700cc,کرمانشاه,خاکستری,دنده‌ای,سنسور عقب و جلو ، کروز کنترل ، صندلی برقی ، آینه تاشو برقی,۳۳٫۰۰۰,۲۰۱۸ - ۱۳۹۷
دنده‌ای,دنا معمولی,کرمانشاه,بدون رنگ,توافقی,۱۲۰٫۰۰۰,,۲۰۱۵ - ۱۳۹۴
بدون رنگ,دنا معمولی,کرج، گوهردشت,مشکی,دنده‌ای,۱۰۴٫۰۰۰٫۰۰۰ تومان,سنسور عقب و جلو ، کروز کنترل,۲۰۱۶ - ۱۳۹۵
بدون رنگ,دنا معمولی 1700cc,کرج، گوهردشت,نقره‌ای,دنده‌ای,۱۱۴٫۰۰۰٫۰۰۰ تومان,۶۰٫۰۰۰,۲۰۱۷ - ۱۳۹۶
بدون رنگ,دنا معمولی 1700cc,کرمانشاه,مشکی,دنده‌ای,سنسور عقب و جلو ، کولر دوال ، رادار ، صندلی برقی ، آینه تاشو برقی ، ترمز دستی برقی,۰,۲۰۱۹ - ۱۳۹۸
بدون رنگ,دنا معمولی 1700cc,کرمانشاه,سفید,دنده‌ای,۱۱۷٫۰۰۰٫۰۰۰ تومان,سنسور عقب و جلو ، کروز کنترل ، صندلی برقی ، آینه تاشو برقی ، دوربین 360 درجه,۲۰۱۷ - ۱۳۹۶
بدون رنگ,دنا معمولی 1700cc,کرمانشاه,سفید,دنده‌ای,۱۲۵٫۰۰۰٫۰۰۰ تومان,صندلی کودک ، آینه تاشو برقی ، دوربین 360 درجه,۲۰۱۹ - ۱۳۹۸
بدون رنگ,دنا معمولی 1700cc,کرمانشاه,سفید,دنده‌ای,۷۵٫۰۰۰٫۰۰۰ تومان,فرمان برقی ، رادار ، آینه تاشو برقی,۲۰۱۹ - ۱۳۹۸
چند لکه رنگ,دنا معمولی 1700cc,کرمانشاه,مشکی,دنده‌ای,سنسور عقب و جلو ، صندلی برقی ، آینه تاشو برقی ، دوربین 360 درجه,۱۶۸٫۰۰۰,۲۰۱۵ - ۱۳۹۴
بدون رنگ,دنا معمولی 1700cc,کرمانشاه,خاکستری,دنده‌ای,۵۹٫۰۰۰٫۰۰۰ تومان,سنسور عقب و جلو ، اتو هلد ، آینه تاشو برقی,۲۰۱۹ - ۱۳۹۸
بدون رنگ,دنا معمولی 1700cc,کرج، آزادگان,خاکستری,دنده‌ای,۱۱۴٫۰۰۰٫۰۰۰ تومان,۷۷٫۰۰۰,۲۰۱۷ - ۱۳۹۶
۴۵٫۰۰۰,دنا معمولی 1700cc,کرج، محمد شهر,۱۰۹٫۰۰۰٫۰۰۰ تومان,,,,۲۰۱۸ - ۱۳۹۷
بدون رنگ,دنا معمولی 1700cc,کرمانشاه,مشکی,دنده‌ای,۰,,۲۰۱۹ - ۱۳۹۸
بدون رنگ,دنا معمولی 1700cc,مشهد، بلوار الهیه,مشکی,دنده‌ای,فرمان برقی ، سنسور عقب و جلو ، کولر دوال ، دی لایت ، آینه تاشو برقی,۴۸٫۰۰۰,۲۰۱۷ - ۱۳۹۶
دو لکه رنگ,دنا معمولی 1700cc,کرج، گوهردشت,مشکی,دنده‌ای,۱۰۶٫۰۰۰٫۰۰۰ تومان,فرمان برقی ، سنسور عقب و جلو ، صندلی برقی ، آینه تاشو برقی,۲۰۱۷ - ۱۳۹۶
بدون رنگ,دنا معمولی 1700cc,کرج، ماهدشت,نوک‌مدادی,دنده‌ای,۱۱۵٫۰۰۰٫۰۰۰ تومان,سنسور عقب و جلو ، کروز کنترل ، رادار ، صندلی برقی ، آینه تاشو برقی ، دوربین 360 درجه,۲۰۱۷ - ۱۳۹۶
بدون رنگ,دنا معمولی 1700cc,کرج، فردیس,نوک‌مدادی,دنده‌ای,۹۸٫۵۰۰٫۰۰۰ تومان,سنسور عقب و جلو ، کروز کنترل ، صندلی برقی ، آینه تاشو برقی,۲۰۱۵ - ۱۳۹۴
بدون رنگ,دنا معمولی 1700cc,کرج، شهریار,سفید,دنده‌ای,۱۱۰٫۰۰۰٫۰۰۰ تومان,سنسور عقب و جلو ، کروز کنترل ، صندلی برقی ، آینه تاشو برقی ، دوربین 360 درجه,۲۰۱۷ - ۱۳۹۶
نقدی,فروشی,کرج، گلشهر,سفید,بدون رنگ,دنده‌ای,۱۱۲٫۰۰۰٫۰۰۰ تومان,دنا معمولی
بدون رنگ,دنا معمولی,کرج، طالقانی,نقدی و قسطی,دنده‌ای,توافقی,۰,۲۰۱۹ - ۱۳۹۸
تک برگی,دنا معمولی 1700cc,کرج، هشتگرد,یک لکه رنگ,۱۰۵٫۰۰۰٫۰۰۰ تومان,سنسور عقب و جلو ، کولر دوال ، کروز کنترل ، صندلی برقی ، آینه تاشو برقی ، ترمز دستی برقی,۶۷٫۰۰۰,۲۰۱۷ - ۱۳۹۶
بدون رنگ,دنا معمولی 1700cc,کرج، مهرویلا,سفید,دنده‌ای,۰,,۲۰۱۹ - ۱۳۹۸
نقدی,فروشی,کرج، گوهردشت,سرمه‌ای,بدون رنگ,دنده‌ای,۱۱۵٫۰۰۰٫۰۰۰ تومان,دنا معمولی
دنده‌ای,دنا معمولی,کرمانشاه,بدون رنگ,۱۳۰٫۰۰۰٫۰۰۰ تومان,سنسور عقب و جلو ، صندلی برقی ، آینه تاشو برقی ، دوربین 360 درجه,۹٫۰۰۰,۲۰۱۹ - ۱۳۹۸
,دنا معمولی,کرمانشاه,,,,,۲۰۱۹ - ۱۳۹۸
نقدی,فروشی,کرج، مهرویلا,سفید,یک لکه رنگ,دنده‌ای,۱۱۰٫۰۰۰٫۰۰۰ تومان,دنا معمولی
,دنا معمولی 1700cc,کرمانشاه,,,,,۲۰۱۹ - ۱۳۹۸
بدون رنگ,دنا معمولی 1700cc,کرمانشاه,سفید,دنده‌ای,فرمان برقی ، دنده پشت فرمان ، سنسور عقب و جلو ، سرد کن/گرم کن صندلی و فرمان ، سانروف ، کولر دوال ، کروز کنترل ، اتو هلد ، رادار ، دی لایت ، صندلی کودک ، صندلی برقی ، آینه تاشو برقی ، حافظه صندلی ، کول باکس ، ترمز دستی برقی ، دوربین 360 درجه,۰,۲۰۱۹ - ۱۳۹۸
بدون رنگ,دنا معمولی 1700cc,کرمانشاه,سفید,دنده‌ای,سنسور عقب و جلو ، اتو هلد ، صندلی برقی ، آینه تاشو برقی,۰,۲۰۱۹ - ۱۳۹۸
,دنا معمولی 1700cc,کرمانشاه,,,,,۲۰۱۹ - ۱۳۹۸
بدون رنگ,دنا معمولی 1700cc,کرمانشاه,سفید صدفی,دنده‌ای,۱۰۵٫۰۰۰٫۰۰۰ تومان,فرمان برقی ، سنسور عقب و جلو ، کولر دوال ، کروز کنترل ، رادار ، دی لایت ، صندلی کودک ، صندلی برقی ، آینه تاشو برقی,۲۰۱۸ - ۱۳۹۷
,دنا معمولی 1700cc,کرمانشاه,,,,,۲۰۱۹ - ۱۳۹۸
دنده‌ای,دنا معمولی,کرمانشاه,سفید,۱۵۷٫۰۰۰٫۰۰۰ تومان,۰,,۲۰۱۹ - ۱۳۹۸
بدون رنگ,دنا معمولی,کرمانشاه,سفید,دنده‌ای,۱۱۹٫۵۰۰٫۰۰۰ تومان,فرمان برقی ، کروز کنترل ، دی لایت ، صندلی برقی ، آینه تاشو برقی,۲۰۱۸ - ۱۳۹۷
بدون رنگ,دنا معمولی,کرمانشاه,سفید,دنده‌ای,۱۳۱٫۵۰۰٫۰۰۰ تومان,۳٫۰۰۰,۲۰۱۹ - ۱۳۹۸
بدون رنگ,دنا معمولی,کرمانشاه,سفید,دنده‌ای,۱۴۰٫۰۰۰٫۰۰۰ تومان,۳٫۵۰۰,۲۰۱۹ - ۱۳۹۸
بدون رنگ,دنا معمولی 1700cc,کرمانشاه,سفید,دنده‌ای,۱۲۶٫۰۰۰٫۰۰۰ تومان,کروز کنترل ، دی لایت ، صندلی برقی ، آینه تاشو برقی,۲۰۱۸ - ۱۳۹۷
بدون رنگ,دنا معمولی 1700cc,کرمانشاه,سفید,دنده‌ای,۱۲۶٫۰۰۰٫۰۰۰ تومان,فرمان برقی ، کولر دوال ، کروز کنترل ، اتو هلد ، رادار ، دی لایت ، صندلی برقی ، آینه تاشو برقی ، کول باکس,۲۰۱۸ - ۱۳۹۷
بدون رنگ,دنا معمولی 1700cc,کرمانشاه,سفید,دنده‌ای,سنسور عقب و جلو ، کروز کنترل ، صندلی کودک ، صندلی برقی ، آینه تاشو برقی ، ترمز دستی برقی,۶۰٫۰۰۰,۲۰۱۷ - ۱۳۹۶
,دنا معمولی 1700cc,کرمانشاه,,,,,۲۰۱۹ - ۱۳۹۸
بدون رنگ,دنا معمولی,کرمانشاه,مشکی,دنده‌ای,۱۲۶٫۰۰۰٫۰۰۰ تومان,۳٫۰۰۰,۲۰۱۸ - ۱۳۹۷
بدون رنگ,دنا معمولی 1700cc,کرمانشاه,سفید,دنده‌ای,۰,,۲۰۱۹ - ۱۳۹۸
بدون رنگ,دنا معمولی 1700cc,کرمانشاه,سفید,دنده‌ای,۱۰۶٫۰۰۰٫۰۰۰ تومان,سنسور عقب و جلو ، کروز کنترل ، دی لایت ، صندلی برقی ، آینه تاشو برقی,۲۰۱۶ - ۱۳۹۵
بدون رنگ,دنا معمولی 1700cc,کرمانشاه,مشکی,دنده‌ای,۹۸٫۰۰۰٫۰۰۰ تومان,کروز کنترل,۲۰۱۵ - ۱۳۹۴
بدون رنگ,دنا معمولی,کرمانشاه,سفید,دنده‌ای,۱۰۹٫۸۰۰٫۰۰۰ تومان,سنسور عقب و جلو ، کولر دوال ، کروز کنترل ، رادار ، صندلی برقی ، آینه تاشو برقی,۲۰۱۶ - ۱۳۹۵
بدون رنگ,دنا معمولی 1700cc,کرمانشاه,مشکی,دنده‌ای,سنسور عقب و جلو ، کولر دوال ، کروز کنترل ، رادار ، دی لایت ، صندلی برقی ، آینه تاشو برقی ، ترمز دستی برقی,۷۴٫۰۰۰,۲۰۱۷ - ۱۳۹۶
بدون رنگ,دنا معمولی 1700cc,کرج، عظیمیه,مشکی,دنده‌ای,۱۰۵٫۰۰۰٫۰۰۰ تومان,فرمان برقی ، سنسور عقب و جلو ، کروز کنترل ، دی لایت ، صندلی برقی ، آینه تاشو برقی,۲۰۱۶ - ۱۳۹۵
یک لکه رنگ,دنا معمولی 1700cc,کرمانشاه,سفید,دنده‌ای,۱۰۰٫۰۰۰٫۰۰۰ تومان,۹۱٫۰۰۰,۲۰۱۶ - ۱۳۹۵
بدون رنگ,دنا معمولی 1700cc,کرج، مهرشهر,خاکستری,دنده‌ای,۱۲۵٫۰۰۰٫۰۰۰ تومان,۴۲٫۰۰۰,۲۰۱۹ - ۱۳۹۸
بدون رنگ,دنا معمولی 1700cc,کرمانشاه,سفید,دنده‌ای,۱۲۵٫۰۰۰٫۰۰۰ تومان,۱۱٫۰۰۰,۲۰۱۹ - ۱۳۹۸
توافقی,دنا معمولی,کرمانشاه,تک برگی,۵۳٫۰۰۰,,,۲۰۱۵ - ۱۳۹۴
۱۰۹٫۰۰۰٫۰۰۰ تومان,دنا معمولی 1700cc,کرمانشاه,دنده‌ای,سنسور عقب و جلو ، کولر دوال ، کروز کنترل ، صندلی برقی ، آینه تاشو برقی,۴۵٫۰۰۰,,۲۰۱۶ - ۱۳۹۵
بدون رنگ,دنا معمولی 1700cc,کرمانشاه,مشکی,دنده‌ای,۱۱۵٫۰۰۰٫۰۰۰ تومان,کروز کنترل ، صندلی برقی ، آینه تاشو برقی,۲۰۱۷ - ۱۳۹۶
بدون رنگ,دنا معمولی 1700cc,کرمانشاه,خاکستری,دنده‌ای,۱۱۵٫۰۰۰٫۰۰۰ تومان,سنسور عقب و جلو ، کولر دوال ، کروز کنترل ، دی لایت ، صندلی برقی ، آینه تاشو برقی ، دوربین 360 درجه,۲۰۱۷ - ۱۳۹۶
تک برگی,دنا معمولی,کرمانشاه,بدون رنگ,۱۲۰٫۰۰۰٫۰۰۰ تومان,۱۰٫۵۰۰,,۲۰۱۸ - ۱۳۹۷
بدون رنگ,دنا معمولی 1700cc,کرمانشاه,سفید,دنده‌ای,سنسور عقب و جلو ، اتو هلد ، صندلی برقی ، آینه تاشو برقی,۰,۲۰۱۹ - ۱۳۹۸
بدون رنگ,دنا معمولی 1700cc,کرمانشاه,سفید,دنده‌ای,۱۱۱٫۰۰۰٫۰۰۰ تومان,سنسور عقب و جلو ، کروز کنترل ، صندلی برقی ، آینه تاشو برقی ، دوربین 360 درجه,۲۰۱۷ - ۱۳۹۶
بدون رنگ,دنا معمولی,کرمانشاه,سفید,دنده‌ای,۱۱۵٫۰۰۰٫۰۰۰ تومان,سنسور عقب و جلو ، کروز کنترل ، صندلی برقی ، آینه تاشو برقی,۲۰۱۷ - ۱۳۹۶
دو لکه رنگ,دنا معمولی 1700cc,کرمانشاه,خاکستری,دنده‌ای,۹۰٫۰۰۰٫۰۰۰ تومان,۹۶٫۰۰۰,۲۰۱۵ - ۱۳۹۴
بدون رنگ,دنا معمولی,کرمانشاه,سفید صدفی,دنده‌ای,۱۱۸٫۸۰۰٫۰۰۰ تومان,۴۳,۲۰۱۸ - ۱۳۹۷
بدون رنگ,دنا معمولی 1700cc,تهران، تهرانپارس شرقی,سفید,دنده‌ای,دنده پشت فرمان ، سنسور عقب و جلو ، صندلی برقی ، دوربین 360 درجه,۱۰,۲۰۱۹ - ۱۳۹۸
۰,دنا معمولی,کرمانشاه,۱۳۰٫۰۰۰٫۰۰۰ تومان,,,,۲۰۱۹ - ۱۳۹۸
بدون رنگ,دنا معمولی,تهران، جنت‌‌آباد مرکزی,نقدی,دنده‌ای,توافقی,۰,۲۰۱۹ - ۱۳۹۸
بدون رنگ,دنا معمولی,تهران، اقدسیه,سفید,دنده‌ای,۱۳۰٫۰۰۰٫۰۰۰ تومان,سنسور عقب و جلو ، صندلی برقی ، آینه تاشو برقی,۲۰۱۹ - ۱۳۹۸
چند لکه رنگ,دنا معمولی 1700cc,تهران، پیروزی,سفید,دنده‌ای,۹۱٫۰۰۰٫۰۰۰ تومان,فرمان برقی ، کروز کنترل ، صندلی برقی ، آینه تاشو برقی,۲۰۱۵ - ۱۳۹۴
کروز کنترل ، صندلی برقی,دنا معمولی 1700cc,تهران، قرچک,۱۱۱٫۰۰۰٫۰۰۰ تومان,۹۰٫۰۰۰,,,۲۰۱۷ - ۱۳۹۶
بدون رنگ,دنا معمولی 1700cc,کرمانشاه,مشکی,دنده‌ای,۶۵٫۰۰۰٫۰۰۰ تومان,صندلی کودک ، آینه تاشو برقی ، ترمز دستی برقی ، دوربین 360 درجه,۲۰۱۹ - ۱۳۹۸
بدون رنگ,دنا معمولی,تهران، میدان ولیعصر,سفید,دنده‌ای,۱۲۷٫۰۰۰٫۰۰۰ تومان,۰,۲۰۱۹ - ۱۳۹۸
بدون رنگ,دنا معمولی 1700cc,تهران، استاد معین,سفید,دنده‌ای,۰,,۲۰۱۹ - ۱۳۹۸
بدون رنگ,دنا معمولی 1700cc,تهران، مرزداران,مشکی,دنده‌ای,۰,,۲۰۱۹ - ۱۳۹۸
بدون رنگ,دنا معمولی,تهران، فرمانیه,سفید,دنده‌ای,۱۲۶٫۰۰۰٫۰۰۰ تومان,سنسور عقب و جلو ، کروز کنترل ، صندلی برقی ، آینه تاشو برقی,۲۰۱۸ - ۱۳۹۷
یک لکه رنگ,دنا معمولی 1700cc,تهران، افسریه,سفید,دنده‌ای,۱۰۸٫۰۰۰٫۰۰۰ تومان,فرمان برقی ، سنسور عقب و جلو ، کروز کنترل ، دی لایت ، صندلی برقی ، آینه تاشو برقی,۲۰۱۷ - ۱۳۹۶
دنده‌ای,دنا معمولی 1700cc,تهران، وردآورد,یک لکه رنگ,۱۰۷٫۰۰۰٫۰۰۰ تومان,سنسور عقب و جلو ، کروز کنترل ، صندلی برقی ، آینه تاشو برقی,۴۵٫۰۰۰,۲۰۱۶ - ۱۳۹۵
,فروشی,تهران، توحید,۰,,,,دنا معمولی 1700cc
,دنا معمولی 1700cc,تهران، تهرانپارس شرقی,,,,,۲۰۱۶ - ۱۳۹۵
,دنا معمولی,تهران، شهرک شریعتی,,,,,۲۰۱۷ - ۱۳۹۶
بدون رنگ,دنا معمولی,تهران، شیخ الرئیس,سفید,دنده‌ای,۱۱۵٫۰۰۰٫۰۰۰ تومان,فرمان برقی ، سنسور عقب و جلو ، کروز کنترل ، صندلی کودک ، صندلی برقی ، آینه تاشو برقی ، دوربین 360 درجه,۲۰۱۶ - ۱۳۹۵
بدون رنگ,دنا معمولی,تهران، صادقیه,مشکی,دنده‌ای,۱۳۱٫۰۰۰٫۰۰۰ تومان,۰,۲۰۱۹ - ۱۳۹۸
بدون رنگ,دنا معمولی 1700cc,تهران، ستارخان,خاکستری,دنده‌ای,۱۲۲٫۰۰۰٫۰۰۰ تومان,سنسور عقب و جلو ، کروز کنترل ، صندلی برقی ، آینه تاشو برقی,۲۰۱۸ - ۱۳۹۷
بدون رنگ,دنا معمولی,تهران، قیطریه,آبی,دنده‌ای,۱۳۲٫۰۰۰٫۰۰۰ تومان,۰,۲۰۱۹ - ۱۳۹۸
۱۲۷٫۰۰۰٫۰۰۰ تومان,دنا معمولی,تهران، مرزداران,دنده‌ای,۳٫۵۰۰,,,۲۰۱۹ - ۱۳۹۸
بدون رنگ,دنا معمولی 1700cc,تهران، صادقیه,سفید,دنده‌ای,۱۲۱٫۰۰۰٫۰۰۰ تومان,۰,۲۰۱۹ - ۱۳۹۸
بدون رنگ,دنا معمولی,تهران، صادقیه,سفید,دنده‌ای,۱۲۵٫۰۰۰٫۰۰۰ تومان,۰,۲۰۱۹ - ۱۳۹۸
بدون رنگ,دنا معمولی,تهران، جنت‌آباد جنوبی,خاکستری,دنده‌ای,۱۱۹٫۶۰۰٫۰۰۰ تومان,۲۸٫۷۰۰,۲۰۱۶ - ۱۳۹۵
,دنا معمولی,تهران، نیرو هوایی,۵۰۰,,,,۲۰۱۹ - ۱۳۹۸
بدون رنگ,دنا معمولی 1700cc,تهران، سرسبز,نقدی و قسطی,دنده‌ای,توافقی,۰,۲۰۱۹ - ۱۳۹۸
بدون رنگ,دنا معمولی 1700cc,تهران، نارمک,سفید,دنده‌ای,سنسور عقب و جلو ، صندلی برقی ، آینه تاشو برقی,۰,۲۰۱۹ - ۱۳۹۸
دنده‌ای,دنا معمولی 1700cc,تهران، مشیریه,سفید صدفی,فرمان برقی ، اتو هلد ، رادار ، صندلی برقی ، آینه تاشو برقی,۶٫۰۰۰,,۲۰۱۹ - ۱۳۹۸
دنده‌ای,دنا معمولی,تهران، شهریار,بدون رنگ,۱۱۰٫۰۰۰٫۰۰۰ تومان,سنسور عقب و جلو ، کروز کنترل ، صندلی برقی ، آینه تاشو برقی,۱۰۰٫۰۰۰,۲۰۱۷ - ۱۳۹۶
بدون رنگ,دنا معمولی 1700cc,تهران، زرگنده,سفید,دنده‌ای,سنسور عقب و جلو ، کروز کنترل ، صندلی برقی ، آینه تاشو برقی,۳۵٫۰۰۰,۲۰۱۷ - ۱۳۹۶
بدون رنگ,دنا معمولی,تهران، اقدسیه,مشکی,دنده‌ای,۱۰۵٫۰۰۰٫۰۰۰ تومان,سنسور عقب و جلو ، کروز کنترل ، صندلی برقی ، آینه تاشو برقی,۲۰۱۶ - ۱۳۹۵
بدون رنگ,دنا معمولی 1700cc,تهران، نازی‌آباد,سفید,دنده‌ای,۰,,۲۰۱۹ - ۱۳۹۸
بدون رنگ,دنا معمولی 1700cc,تهران، سرسبز,نقدی و قسطی,دنده‌ای,توافقی,۰,۲۰۱۹ - ۱۳۹۸
نقدی,فروشی,تهران، سهروردی شمالی,سفید,بدون رنگ,دنده‌ای,۱۲۶٫۰۰۰٫۰۰۰ تومان,دنا معمولی 1700cc
بدون رنگ,دنا معمولی 1700cc,تهران، آرژانتین,مشکی,دنده‌ای,۰,,۲۰۱۹ - ۱۳۹۸
بدون رنگ,دنا معمولی 1700cc,تهران، دبستان,مشکی,دنده‌ای,۹۹٫۰۰۰٫۰۰۰ تومان,فرمان برقی ، سنسور عقب و جلو ، کولر دوال ، کروز کنترل ، دی لایت ، صندلی برقی ، آینه تاشو برقی,۲۰۱۵ - ۱۳۹۴
نقدی,فروشی,تهران، سهروردی شمالی,خاکستری,بدون رنگ,دنده‌ای,۰,دنا معمولی 1700cc
بدون رنگ,دنا معمولی 1700cc,تهران، صادقیه,سفید,دنده‌ای,۱۲۱٫۰۰۰٫۰۰۰ تومان,۰,۲۰۱۹ - ۱۳۹۸
بدون رنگ,دنا معمولی 1700cc,تهران، پاکدشت,سفید,دنده‌ای,۱۰۵٫۰۰۰٫۰۰۰ تومان,۹۰٫۰۰۰,۲۰۱۶ - ۱۳۹۵
دنده‌ای,دنا معمولی,تهران، پونک,سفید,۱۱۰٫۰۰۰٫۰۰۰ تومان,سنسور عقب و جلو ، کروز کنترل ، دی لایت ، صندلی برقی ، آینه تاشو برقی ، دوربین 360 درجه,۴۰٫۰۰۰,۲۰۱۶ - ۱۳۹۵
بدون رنگ,دنا معمولی,تهران، جی,دلفینی,دنده‌ای,۱۰۵٫۰۰۰٫۰۰۰ تومان,۱۱۵٫۰۰۰,۲۰۱۶ - ۱۳۹۵
بدون رنگ,دنا معمولی,تهران، حکیمیه,مشکی,دنده‌ای,۱۲۲٫۰۰۰٫۰۰۰ تومان,سنسور عقب و جلو ، کروز کنترل ، صندلی برقی ، آینه تاشو برقی,۲۰۱۸ - ۱۳۹۷
بدون رنگ,دنا معمولی 1700cc,تهران، آذربایجان,مشکی,دنده‌ای,۵٫۵۰۰,,۲۰۱۹ - ۱۳۹۸
بدون رنگ,دنا معمولی 1700cc,تهران، ورامین,مشکی,دنده‌ای,۰,,۲۰۱۹ - ۱۳۹۸
بدون رنگ,دنا معمولی 1700cc,تهران، نواب,سفید,دنده‌ای,۱۱۶٫۴۹۰٫۰۰۰ تومان,سنسور عقب و جلو ، کولر دوال ، کروز کنترل ، دی لایت ، صندلی برقی ، آینه تاشو برقی ، کول باکس ، دوربین 360 درجه,۲۰۱۸ - ۱۳۹۷
یک لکه رنگ,دنا معمولی 1700cc,کرج، فردیس,سفید صدفی,دنده‌ای,۹۲٫۰۰۰٫۰۰۰ تومان,۱۱۰,۲۰۱۵ - ۱۳۹۴
بدون رنگ,دنا معمولی 1700cc,تهران، پاکدشت,سفید,دنده‌ای,۱۱۵٫۰۰۰٫۰۰۰ تومان,۹۰٫۰۰۰,۲۰۱۷ - ۱۳۹۶
بدون رنگ,دنا معمولی,کرج، طالقانی,نقره‌ای,دنده‌ای,۱۲۷٫۰۰۰٫۰۰۰ تومان,۰,۲۰۱۹ - ۱۳۹۸
یک لکه رنگ,دنا معمولی,کرج، کمالشهر,خاکستری,دنده‌ای,۱۱۵٫۰۰۰٫۰۰۰ تومان,صندلی برقی ، آینه تاشو برقی ، دوربین 360 درجه,۲۰۱۸ - ۱۳۹۷
بدون رنگ,دنا معمولی 1700cc,کرج، گوهردشت,سفید صدفی,دنده‌ای,۱۱۵٫۰۰۰٫۰۰۰ تومان,سنسور عقب و جلو ، کروز کنترل ، صندلی برقی ، آینه تاشو برقی ، دوربین 360 درجه,۲۰۱۷ - ۱۳۹۶
دو لکه رنگ,دنا معمولی,کرج، ماهدشت,خاکستری,دنده‌ای,۹۸٫۰۰۰٫۰۰۰ تومان,۶۹,۲۰۱۷ - ۱۳۹۶
بدون رنگ,دنا معمولی 1700cc,کرج، جهانشهر,سفید,دنده‌ای,۱۱۵٫۰۰۰٫۰۰۰ تومان,۳۲٫۰۰۰,۲۰۱۷ - ۱۳۹۶
دو لکه رنگ,دنا معمولی 1700cc,کرج، مارلیک,نوک‌مدادی,دنده‌ای,هستم,۱۰۰٫۰۰۰,۲۰۱۶ - ۱۳۹۵
دو برگی,دنا معمولی 1700cc,کرج، کیانمهر,بدون رنگ,۱۱۸٫۰۰۰٫۰۰۰ تومان,کروز کنترل ، صندلی برقی ، آینه تاشو برقی ، دوربین 360 درجه,۲۰,۲۰۱۸ - ۱۳۹۷
بدون رنگ,دنا معمولی,تهران، شهر قدس,خاکستری,دنده‌ای,۱۳۲٫۰۰۰٫۰۰۰ تومان,سنسور عقب و جلو ، سرد کن/گرم کن صندلی و فرمان ، صندلی برقی,۲۰۱۹ - ۱۳۹۸
دو لکه رنگ,دنا معمولی 1700cc,کرج، درختی,سفید,دنده‌ای,هستم,فرمان برقی ، سنسور عقب و جلو ، کروز کنترل ، صندلی برقی ، آینه تاشو برقی,۲۰۱۶ - ۱۳۹۵
بدون رنگ,دنا معمولی 1700cc,تهران، ده‌ونک,سفید,دنده‌ای,۱۲۲٫۰۰۰٫۰۰۰ تومان,سنسور عقب و جلو ، کروز کنترل ، رادار ، صندلی کودک ، صندلی برقی ، آینه تاشو برقی ، دوربین 360 درجه,۲۰۱۸ - ۱۳۹۷
بدون رنگ,دنا معمولی 1700cc,کرج، گوهردشت,سفید,دنده‌ای,۱۱۳٫۲۰۰٫۰۰۰ تومان,کروز کنترل ، دی لایت ، صندلی برقی ، آینه تاشو برقی,۲۰۱۷ - ۱۳۹۶
بدون رنگ,دنا معمولی 1700cc,کرج، شهر جدید اندیشه,مشکی,دنده‌ای,۱۰۵٫۰۰۰٫۰۰۰ تومان,سنسور عقب و جلو ، کروز کنترل ، صندلی برقی ، دوربین 360 درجه,۲۰۱۶ - ۱۳۹۵
دو لکه رنگ,دنا معمولی 1700cc,کرج، شاهین ویلا,خاکستری,دنده‌ای,۹۷٫۳۰۰٫۰۰۰ تومان,فرمان برقی ، سنسور عقب و جلو ، کولر دوال ، کروز کنترل ، رادار ، دی لایت ، صندلی کودک ، صندلی برقی ، آینه تاشو برقی ، دوربین 360 درجه,۲۰۱۶ - ۱۳۹۵
۱۲۵٫۰۰۰٫۰۰۰ تومان,دنا معمولی,کرج، باغستان,دنده‌ای,۰,,,۲۰۱۹ - ۱۳۹۸
بدون رنگ,دنا معمولی 1700cc,کرج، شهریار,سفید,دنده‌ای,۱۲۰٫۵۰۰٫۰۰۰ تومان,۱۹٫۵۰۰,۲۰۱۸ - ۱۳۹۷
۷۷٫۰۰۰,دنا معمولی,کرج، عظیمیه,۱۰۳٫۰۰۰٫۰۰۰ تومان,,,,۲۰۱۵ - ۱۳۹۴
بدون رنگ,دنا معمولی,کرج، فردیس,سفید,دنده‌ای,۱۲۰٫۰۰۰٫۰۰۰ تومان,سنسور عقب و جلو ، کروز کنترل ، صندلی برقی ، آینه تاشو برقی,۲۰۱۸ - ۱۳۹۷
یک لکه رنگ,دنا معمولی 1700cc,کرج، شهر جدید اندیشه,سفید,دنده‌ای,۱۱۳٫۰۰۰٫۰۰۰ تومان,سنسور عقب و جلو ، کولر دوال ، کروز کنترل ، اتو هلد ، رادار ، دی لایت ، صندلی برقی ، آینه تاشو برقی,۲۰۱۷ - ۱۳۹۶
بدون رنگ,دنا معمولی,کرج، شهرک بنفشه,نقدی و قسطی,دنده‌ای,توافقی,۸٫۰۰۰,۲۰۱۹ - ۱۳۹۸
بدون رنگ,دنا معمولی,کرج، جهانشهر,سفید,دنده‌ای,۱۲۵٫۰۰۰٫۰۰۰ تومان,دی لایت ، آینه تاشو برقی,۲۰۱۹ - ۱۳۹۸
بدون رنگ,دنا معمولی 1700cc,کرج، فردیس,مشکی,دنده‌ای,۱۰۲٫۰۰۰٫۰۰۰ تومان,فرمان برقی ، سنسور عقب و جلو ، کولر دوال ، کروز کنترل ، صندلی برقی ، آینه تاشو برقی,۲۰۱۶ - ۱۳۹۵
توافقی,دنا معمولی 1700cc,شیراز، باهنر جنوبی,دنده‌ای,۰,,,۲۰۱۹ - ۱۳۹۸
بدون رنگ,دنا معمولی,کرج، کیانمهر,سفید,دنده‌ای,۱۱۲٫۰۰۰٫۰۰۰ تومان,سنسور عقب و جلو ، کروز کنترل ، صندلی برقی ، آینه تاشو برقی,۲۰۱۷ - ۱۳۹۶
بدون رنگ,دنا معمولی 1700cc,کرج، گلشهر,سفید,دنده‌ای,۱۲۱٫۰۰۰٫۰۰۰ تومان,سنسور عقب و جلو ، کولر دوال ، کروز کنترل ، اتو هلد ، دی لایت ، صندلی برقی ، آینه تاشو برقی ، دوربین 360 درجه,۲۰۱۸ - ۱۳۹۷
دو لکه رنگ,دنا معمولی 1700cc,کرج، محمد شهر,سفید,دنده‌ای,۹۱٫۰۰۰٫۰۰۰ تومان,۱۱۰٫۰۰۰,۲۰۱۵ - ۱۳۹۴
بدون رنگ,دنا معمولی 1700cc,شیراز، ادبیات,خاکستری,دنده‌ای,فرمان برقی ، سنسور عقب و جلو ، صندلی برقی ، آینه تاشو برقی,۰,۲۰۱۹ - ۱۳۹۸
بدون رنگ,دنا معمولی 1700cc,شیراز، ادبیات,مشکی,دنده‌ای,فرمان برقی ، سنسور عقب و جلو ، صندلی برقی ، آینه تاشو برقی,۳٫۵۰۰,۲۰۱۹ - ۱۳۹۸
دنده‌ای,دنا معمولی 1700cc,شیراز، ارم,نقدی,توافقی,۰,,۲۰۱۹ - ۱۳۹۸
بدون رنگ,دنا معمولی 1700cc,شیراز، امیرکبیر,سفید,دنده‌ای,سنسور عقب و جلو ، کولر دوال ، کروز کنترل ، رادار ، صندلی برقی ، آینه تاشو برقی,۱۰۰٫۰۰۰,۲۰۱۵ - ۱۳۹۴
,دنا معمولی 1700cc,شیراز، کلبه,,,,,۲۰۱۹ - ۱۳۹۸
۹۰٫۰۰۰٫۰۰۰ تومان,دنا معمولی,شیراز، کازرون,دنده‌ای,سنسور عقب و جلو ، کروز کنترل ، صندلی برقی ، آینه تاشو برقی,۱۳۰,,۲۰۱۶ - ۱۳۹۵
بدون رنگ,دنا معمولی 1700cc,شیراز، ادبیات,سفید,دنده‌ای,۱۰۲٫۰۰۰٫۰۰۰ تومان,۸۵٫۰۰۰,۲۰۱۶ - ۱۳۹۵
بدون رنگ,دنا معمولی 1700cc,شیراز، بلوار رحمت,سفید,دنده‌ای,۰,,۲۰۱۹ - ۱۳۹۸
دو لکه رنگ,دنا معمولی,شیراز، بلوار فضیلت,سفید,دنده‌ای,۱۱۳٫۰۰۰٫۰۰۰ تومان,۱۱۵٫۰۰۰,۲۰۱۷ - ۱۳۹۶
,دنا معمولی,شیراز، سراج,,,,,۲۰۱۷ - ۱۳۹۶
,دنا معمولی 1700cc,شیراز، ادبیات,,,,,۲۰۱۹ - ۱۳۹۸
بدون رنگ,دنا معمولی,شیراز، ارتش,سفید,دنده‌ای,۱۳۰٫۰۰۰٫۰۰۰ تومان,۰,۲۰۱۹ - ۱۳۹۸
۹۹٫۰۰۰٫۰۰۰ تومان,دنا معمولی 1700cc,شیراز، اطلسی,دنده‌ای,سنسور عقب و جلو ، صندلی برقی ، آینه تاشو برقی,۸۰٫۰۰۰,,۲۰۱۶ - ۱۳۹۵
بدون رنگ,دنا معمولی,شیراز، باهنر جنوبی,سفید,دنده‌ای,۱۱۰٫۰۰۰٫۰۰۰ تومان,سنسور عقب و جلو ، کولر دوال ، کروز کنترل ، صندلی برقی ، آینه تاشو برقی ، دوربین 360 درجه,۲۰۱۶ - ۱۳۹۵
بدون رنگ,دنا معمولی,شیراز، شهرک گلستان,سفید,دنده‌ای,۱۳۲٫۰۰۰٫۰۰۰ تومان,۰,۲۰۱۹ - ۱۳۹۸
دنده‌ای,دنا معمولی 1700cc,شیراز، زند,بدون رنگ,توافقی,۶۱٫۰۰۰,,۲۰۱۷ - ۱۳۹۶
دنده‌ای,دنا معمولی 1700cc,شیراز، ادبیات,بدون رنگ,۰,,,۲۰۱۹ - ۱۳۹۸
بدون رنگ,دنا معمولی 1700cc,شیراز، مرودشت,سفید,دنده‌ای,۱۱۰٫۰۰۰٫۰۰۰ تومان,کروز کنترل ، صندلی برقی ، آینه تاشو برقی,۲۰۱۶ - ۱۳۹۵
بدون رنگ,دنا معمولی 1700cc,شیراز، ادبیات,سفید,دنده‌ای,۰,,۲۰۱۹ - ۱۳۹۸
بدون رنگ,دنا معمولی 1700cc,شیراز، شهرک گلستان,نقدی,دنده‌ای,توافقی,۰,۲۰۱۹ - ۱۳۹۸
بدون رنگ,دنا معمولی,شیراز، ادبیات,سفید,دنده‌ای,۱۳۳٫۵۰۰٫۰۰۰ تومان,سنسور عقب و جلو ، صندلی برقی ، آینه تاشو برقی,۲۰۱۹ - ۱۳۹۸
بدون رنگ,دنا معمولی,اصفهان، سپاهان شهر,آبی,دنده‌ای,۱۰۶٫۵۰۰٫۰۰۰ تومان,۱۰۴٫۰۰۰,۲۰۱۶ - ۱۳۹۵
بدون رنگ,دنا معمولی 1700cc,شیراز، ادبیات,نقدی,دنده‌ای,توافقی,کروز کنترل ، صندلی برقی ، آینه تاشو برقی,۲۰۱۵ - ۱۳۹۴
بدون رنگ,دنا معمولی 1700cc,اصفهان، شاهین شهر,سفید,دنده‌ای,۱۲۳٫۰۰۰٫۰۰۰ تومان,سنسور عقب و جلو ، کولر دوال ، کروز کنترل ، صندلی برقی ، آینه تاشو برقی,۲۰۱۸ - ۱۳۹۷
بدون رنگ,دنا معمولی,شیراز، بلوار رحمت,نقره‌ای,دنده‌ای,۱۳۰٫۰۰۰٫۰۰۰ تومان,۰,۲۰۱۹ - ۱۳۹۸
,دنا معمولی,اصفهان، سه راه سیمین,,,,,۲۰۱۹ - ۱۳۹۸
یک لکه رنگ,دنا معمولی 1700cc,اصفهان، پل وحید,مشکی,دنده‌ای,۹۹٫۵۰۰٫۰۰۰ تومان,۷۰٫۲۰۰,۲۰۱۵ - ۱۳۹۴
بدون رنگ,دنا معمولی 1700cc,اصفهان، بزرگمهر,سفید,دنده‌ای,۱۲۵٫۶۰۰٫۰۰۰ تومان,سنسور عقب و جلو ، کولر دوال ، دی لایت ، صندلی برقی ، آینه تاشو برقی,۲۰۱۹ - ۱۳۹۸
بدون رنگ,دنا معمولی 1700cc,اصفهان، مشتاق سوم,سفید,دنده‌ای,۰,,۲۰۱۹ - ۱۳۹۸
بدون رنگ,دنا معمولی,اصفهان، بزرگمهر,سفید صدفی,دنده‌ای,۱۲۵٫۰۰۰٫۰۰۰ تومان,۰,۲۰۱۹ - ۱۳۹۸
یک لکه رنگ,دنا معمولی,اصفهان، سه راه سیمین,مشکی,دنده‌ای,۹۴٫۰۰۰٫۰۰۰ تومان,کروز کنترل ، صندلی برقی ، آینه تاشو برقی,۲۰۱۵ - ۱۳۹۴
بدون رنگ,دنا معمولی,اصفهان، خانه اصفهان,مشکی,دنده‌ای,۱۲۵٫۰۰۰٫۰۰۰ تومان,سنسور عقب و جلو ، کروز کنترل ، صندلی برقی ، آینه تاشو برقی ، ترمز دستی برقی,۲۰۱۸ - ۱۳۹۷
بدون رنگ,دنا معمولی 1700cc,اصفهان، رباط,سفید,دنده‌ای,۱۱۶٫۵۰۰٫۰۰۰ تومان,۷۰٫۰۰۰,۲۰۱۷ - ۱۳۹۶
بدون رنگ,دنا معمولی 1700cc,اصفهان، شاهین شهر,سفید,دنده‌ای,هستم,۹۰,۲۰۱۵ - ۱۳۹۴
بدون رنگ,دنا معمولی,اصفهان، سه راه سیمین,نقدی,دنده‌ای,توافقی,۰,۲۰۱۹ - ۱۳۹۸
بدون رنگ,فروشی,اصفهان، ملک شهر,نقدی,دنده‌ای,توافقی,۰,دنا معمولی
بدون رنگ,دنا معمولی 1700cc,اصفهان، مبارکه,سفید,دنده‌ای,فرمان برقی ، سنسور عقب و جلو ، سانروف ، کروز کنترل ، صندلی کودک ، صندلی برقی ، آینه تاشو برقی ، حافظه صندلی,۶۲٫۰۰۰,۲۰۱۵ - ۱۳۹۴
بدون رنگ,دنا معمولی 1700cc,اصفهان، سپاهان شهر,سفید,دنده‌ای,هستم,۰,۲۰۱۹ - ۱۳۹۸
دنده‌ای,دنا معمولی 1700cc,اصفهان، دروازه تهران (میدان جمهوری),بدون رنگ,فرمان برقی ، سنسور عقب و جلو ، کروز کنترل ، صندلی برقی ، آینه تاشو برقی ، دوربین 360 درجه,۶۷٫۰۰۰,,۲۰۱۶ - ۱۳۹۵
دنده‌ای,دنا معمولی,اصفهان، شاهین شهر,بدون رنگ,۹۷٫۰۰۰٫۰۰۰ تومان,۹۰,,۲۰۱۵ - ۱۳۹۴
تک برگی,دنا معمولی 1700cc,اصفهان، فولادشهر,بدون رنگ,۱۱۵٫۰۰۰٫۰۰۰ تومان,سنسور عقب و جلو ، کروز کنترل ، صندلی برقی ، آینه تاشو برقی,۹۰٫۰۰۰,۲۰۱۷ - ۱۳۹۶
۰,دنا معمولی,اصفهان، فولادشهر,توافقی,,,,۲۰۱۹ - ۱۳۹۸
بدون رنگ,دنا معمولی,اصفهان، پروین,سفید,دنده‌ای,۱۳۰٫۰۰۰٫۰۰۰ تومان,۰,۲۰۱۹ - ۱۳۹۸
بدون رنگ,دنا معمولی 1700cc,اصفهان، ملک شهر,سفید,دنده‌ای,۱۱۵٫۰۰۰٫۰۰۰ تومان,سنسور عقب و جلو ، کولر دوال ، کروز کنترل ، اتو هلد ، دی لایت ، صندلی کودک ، صندلی برقی ، آینه تاشو برقی ، دوربین 360 درجه,۲۰۱۶ - ۱۳۹۵
بدون رنگ,دنا معمولی,تبریز,سفید,دنده‌ای,۱۲۱٫۰۰۰٫۰۰۰ تومان,۰,۲۰۱۹ - ۱۳۹۸
بدون رنگ,دنا معمولی 1700cc,اصفهان، آتشگاه,سفید,دنده‌ای,۱۱۰٫۰۰۰٫۰۰۰ تومان,سنسور عقب و جلو ، کروز کنترل ، دی لایت ، صندلی برقی ، آینه تاشو برقی,۲۰۱۶ - ۱۳۹۵
هستم,دنا معمولی 1700cc,تبریز,تک برگی,۵۵٫۰۰۰,,,۲۰۱۶ - ۱۳۹۵
بدون رنگ,دنا معمولی 1700cc,تبریز,مشکی,دنده‌ای,۵۷٫۰۰۰,,۲۰۱۷ - ۱۳۹۶
بدون رنگ,دنا معمولی 1700cc,تبریز,سفید,دنده‌ای,۱۲۱٫۵۰۰٫۰۰۰ تومان,صندلی برقی ، آینه تاشو برقی,۲۰۱۹ - ۱۳۹۸
تصادفی,دنا معمولی,تبریز,نقدی,دنده‌ای,توافقی,۲۰۰٫۰۰۰,۲۰۱۷ - ۱۳۹۶
دو لکه رنگ,دنا معمولی 1700cc,تبریز,سفید,دنده‌ای,۱۰۱٫۰۰۰٫۰۰۰ تومان,فرمان برقی ، سنسور عقب و جلو ، کروز کنترل ، صندلی برقی ، آینه تاشو برقی,۲۰۱۵ - ۱۳۹۴
بدون رنگ,دنا معمولی 1700cc,تبریز,سفید,دنده‌ای,۱۲۶٫۰۰۰٫۰۰۰ تومان,۴٫۵۰۰,۲۰۱۸ - ۱۳۹۷
دنده‌ای,دنا معمولی 1700cc,تبریز,یک لکه رنگ,هستم,کروز کنترل ، صندلی برقی ، آینه تاشو برقی,۹۰٫۰۰۰,۲۰۱۶ - ۱۳۹۵
بدون رنگ,دنا معمولی,تبریز,سفید,دنده‌ای,۱۱۷٫۰۰۰٫۰۰۰ تومان,۶۰٫۰۰۰,۲۰۱۶ - ۱۳۹۵
بدون رنگ,دنا معمولی 1700cc,تبریز,سفید,دنده‌ای,۱۲۴٫۰۰۰٫۰۰۰ تومان,۱۷٫۰۰۰,۲۰۱۸ - ۱۳۹۷
یک لکه رنگ,دنا معمولی 1700cc,تبریز,سفید,دنده‌ای,۱۱۶٫۵۰۰٫۰۰۰ تومان,۲۱,۲۰۱۹ - ۱۳۹۸
بدون رنگ,دنا معمولی 1700cc,تبریز,سفید,دنده‌ای,۱۱۸٫۸۰۰٫۰۰۰ تومان,فرمان برقی ، کروز کنترل ، دی لایت ، صندلی برقی ، آینه تاشو برقی,۲۰۱۸ - ۱۳۹۷
۰,دنا معمولی 1700cc,تبریز,توافقی,,,,۲۰۱۹ - ۱۳۹۸
یک لکه رنگ,دنا معمولی 1700cc,تبریز,سفید,دنده‌ای,۱۱۴٫۰۰۰٫۰۰۰ تومان,فرمان برقی ، سنسور عقب و جلو ، کولر دوال ، کروز کنترل ، صندلی برقی ، آینه تاشو برقی,۲۰۱۷ - ۱۳۹۶
بدون رنگ,دنا معمولی,تبریز,سفید,دنده‌ای,۹۹٫۰۰۰٫۰۰۰ تومان,۹۵٫۰۰۰,۲۰۱۵ - ۱۳۹۴
بدون رنگ,دنا معمولی,اهواز، زیتون کارمندی,خاکستری,دنده‌ای,۱۲۰٫۰۰۰٫۰۰۰ تومان,کروز کنترل ، صندلی برقی ، آینه تاشو برقی ، دوربین 360 درجه,۲۰۱۸ - ۱۳۹۷
بدون رنگ,دنا معمولی 1700cc,اهواز، باهنر,خاکستری,دنده‌ای,۱۲۰٫۰۰۰٫۰۰۰ تومان,رادار ، صندلی برقی ، آینه تاشو برقی,۲۰۱۸ - ۱۳۹۷
بدون رنگ,دنا معمولی 1700cc,تبریز,سفید,دنده‌ای,۱۱۵٫۰۰۰٫۰۰۰ تومان,سنسور عقب و جلو ، کولر دوال ، کروز کنترل ، صندلی کودک ، صندلی برقی ، آینه تاشو برقی,۲۰۱۷ - ۱۳۹۶
بدون رنگ,دنا معمولی 1700cc,اهواز، گلستان,سفید,دنده‌ای,فرمان برقی ، سنسور عقب و جلو ، کولر دوال ، کروز کنترل ، اتو هلد ، دی لایت ، صندلی برقی ، آینه تاشو برقی ، ترمز دستی برقی ، دوربین 360 درجه,۳۰٫۰۰۰,۲۰۱۸ - ۱۳۹۷
تک برگی,دنا معمولی,اهواز، کوروش (کوی ملت),بدون رنگ,۵۵٫۰۰۰٫۰۰۰ تومان,۰,,۲۰۱۹ - ۱۳۹۸
بدون رنگ,دنا معمولی 1700cc,تبریز,سفید,دنده‌ای,۱۱۰٫۰۰۰٫۰۰۰ تومان,فرمان برقی ، سنسور عقب و جلو ، کروز کنترل ، صندلی برقی ، آینه تاشو برقی ، دوربین 360 درجه,۲۰۱۶ - ۱۳۹۵
بدون رنگ,دنا معمولی 1700cc,تبریز,سفید,دنده‌ای,۰,,۲۰۱۹ - ۱۳۹۸
بدون رنگ,دنا معمولی 1700cc,تبریز,سفید,دنده‌ای,۱۲۲٫۰۰۰٫۰۰۰ تومان,۴٫۹۰۰,۲۰۱۹ - ۱۳۹۸
بدون رنگ,دنا معمولی,تبریز,نقره‌ای,دنده‌ای,۱۳۰٫۰۰۰٫۰۰۰ تومان,۹٫۰۰۰,۲۰۱۹ - ۱۳۹۸
یک لکه رنگ,دنا معمولی 1700cc,تبریز,آبی,دنده‌ای,۱۰۰٫۰۰۰٫۰۰۰ تومان,۵۶٫۰۰۰,۲۰۱۷ - ۱۳۹۶
تک برگی,دنا معمولی 1700cc,اهواز، شهرک آغاجری,بدون رنگ,۱۵٫۰۰۰,,,۲۰۱۹ - ۱۳۹۸
یک لکه رنگ,دنا معمولی 1700cc,تبریز,قهوه‌ای,دنده‌ای,۹۵٫۰۰۰٫۰۰۰ تومان,کولر دوال ، دی لایت ، آینه تاشو برقی,۲۰۱۵ - ۱۳۹۴
بدون رنگ,دنا معمولی 1700cc,تبریز,سفید,دنده‌ای,سنسور عقب و جلو ، صندلی برقی ، آینه تاشو برقی,۴٫۹۰۰,۲۰۱۹ - ۱۳۹۸
بدون رنگ,دنا معمولی 1700cc,تبریز,سفید,دنده‌ای,۱۰۹٫۰۰۰٫۰۰۰ تومان,کولر دوال ، دی لایت,۲۰۱۷ - ۱۳۹۶
دنده‌ای,دنا معمولی 1700cc,تبریز,چند لکه رنگ,۹۷٫۰۰۰٫۰۰۰ تومان,سنسور عقب و جلو ، کولر دوال ، کروز کنترل ، صندلی برقی ، آینه تاشو برقی,۸۷٫۰۰۰,۲۰۱۵ - ۱۳۹۴
دنده‌ای,دنا معمولی 1700cc,تبریز,دو لکه رنگ,۱۱۷٫۰۰۰٫۰۰۰ تومان,سنسور عقب و جلو ، کروز کنترل ، دی لایت ، صندلی برقی ، آینه تاشو برقی,۴۶٫۰۰۰,۲۰۱۸ - ۱۳۹۷
دو برگی,دنا معمولی 1700cc,تبریز,بدون رنگ,۱۲۲٫۵۰۰٫۰۰۰ تومان,۲۸٫۰۰۰,,۲۰۱۸ - ۱۳۹۷
بدون رنگ,دنا معمولی,تبریز,نقره‌ای,دنده‌ای,۱۲۵٫۴۰۰٫۰۰۰ تومان,۰,۲۰۱۹ - ۱۳۹۸
بدون رنگ,دنا معمولی 1700cc,تبریز,نقره‌ای,دنده‌ای,۱۵٫۰۰۰,,۲۰۱۸ - ۱۳۹۷
بدون رنگ,دنا معمولی,تبریز,مشکی,دنده‌ای,هستم,فرمان برقی ، سنسور عقب و جلو ، سرد کن/گرم کن صندلی و فرمان ، کولر دوال ، کروز کنترل ، اتو هلد ، رادار ، دی لایت ، صندلی برقی ، آینه تاشو برقی ، حافظه صندلی ، کول باکس ، ترمز دستی برقی ، دوربین 360 درجه,۲۰۱۸ - ۱۳۹۷
بدون رنگ,دنا معمولی,تبریز,نقدی,دنده‌ای,توافقی,۰,۲۰۱۹ - ۱۳۹۸
دو لکه رنگ,دنا معمولی 1700cc,تبریز,سرمه‌ای,دنده‌ای,هستم,کروز کنترل ، دی لایت ، صندلی برقی,۲۰۱۶ - ۱۳۹۵
۷۶٫۰۰۰,دنا معمولی,تبریز,۱۰۰٫۰۰۰٫۰۰۰ تومان,,,,۲۰۱۵ - ۱۳۹۴
بدون رنگ,دنا معمولی 1700cc,تبریز,سفید,دنده‌ای,۱۲۵٫۰۰۰٫۰۰۰ تومان,۰,۲۰۱۹ - ۱۳۹۸
بدون رنگ,دنا معمولی 1700cc,تبریز,سفید,دنده‌ای,۵۰٫۰۰۰,,۲۰۱۷ - ۱۳۹۶
بدون رنگ,دنا معمولی 1700cc,تبریز,سفید,دنده‌ای,فرمان برقی ، سنسور عقب و جلو ، کولر دوال ، کروز کنترل ، دی لایت ، صندلی برقی ، آینه تاشو برقی ، دوربین 360 درجه,۶۰٫۰۰۰,۲۰۱۵ - ۱۳۹۴
یک لکه رنگ,دنا معمولی 1700cc,مشهد، بلوار توس,مشکی,دنده‌ای,۹۷٫۰۰۰٫۰۰۰ تومان,۸۰٫۰۰۰,۲۰۱۶ - ۱۳۹۵
۰,دنا معمولی,مشهد، چهارراه لشکر,توافقی,,,,۲۰۱۹ - ۱۳۹۸
بدون رنگ,دنا معمولی,مشهد، ۱۷ شهریور,مشکی,دنده‌ای,هستم,سنسور عقب و جلو ، کروز کنترل ، رادار ، دی لایت ، صندلی برقی ، آینه تاشو برقی ، دوربین 360 درجه,۲۰۱۵ - ۱۳۹۴
دنده‌ای,دنا معمولی 1700cc,مشهد، آزادشهر,بدون رنگ,۱۱۸٫۵۰۰٫۰۰۰ تومان,۰,,۲۰۱۹ - ۱۳۹۸
بدون رنگ,دنا معمولی,مشهد، طلاب,سفید,دنده‌ای,۱۳۵٫۰۰۰٫۰۰۰ تومان,فرمان برقی ، دنده پشت فرمان ، سنسور عقب و جلو ، سرد کن/گرم کن صندلی و فرمان ، کولر دوال ، کروز کنترل ، اتو هلد ، رادار ، دی لایت ، صندلی برقی ، آینه تاشو برقی ، کول باکس ، ترمز دستی برقی,۲۰۱۹ - ۱۳۹۸
دنده‌ای,دنا معمولی,مشهد، سرافرازان,چند لکه رنگ,۹۳٫۰۰۰٫۰۰۰ تومان,سنسور عقب و جلو ، کروز کنترل ، صندلی برقی ، آینه تاشو برقی ، دوربین 360 درجه,۹۰٫۰۰۰,۲۰۱۵ - ۱۳۹۴
بدون رنگ,دنا معمولی,مشهد، آزادشهر,سفید,دنده‌ای,۱۰۳٫۶۰۰٫۰۰۰ تومان,۸۰٫۰۰۰,۲۰۱۶ - ۱۳۹۵
بدون رنگ,دنا معمولی,مشهد، هفت تیر,خاکستری,دنده‌ای,۱۲۷٫۵۰۰٫۰۰۰ تومان,فرمان برقی ، سنسور عقب و جلو ، کولر دوال ، رادار ، صندلی برقی ، آینه تاشو برقی ، ترمز دستی برقی,۲۰۱۹ - ۱۳۹۸
توافقی,فروشی,مشهد، فلسطین,دنده‌ای,۰,,,دنا معمولی
دنده‌ای,دنا معمولی 1700cc,مشهد، ابوطالب,بدون رنگ,۶۵٫۰۰۰٫۰۰۰ تومان,۰,,۲۰۱۹ - ۱۳۹۸
بدون رنگ,دنا معمولی 1700cc,مشهد، دانشجو,دلفینی,دنده‌ای,۱۱۹٫۰۰۰٫۰۰۰ تومان,سنسور عقب و جلو ، کروز کنترل ، صندلی برقی ، آینه تاشو برقی,۲۰۱۸ - ۱۳۹۷
بدون رنگ,دنا معمولی 1700cc,مشهد، قاسم آباد (شهرک غرب),سفید,دنده‌ای,۱۱۷٫۰۰۰٫۰۰۰ تومان,سنسور عقب و جلو ، کولر دوال ، کروز کنترل ، صندلی برقی ، آینه تاشو برقی,۲۰۱۷ - ۱۳۹۶
بدون رنگ,دنا معمولی 1700cc,مشهد، فرامرز عباسی,خاکستری,دنده‌ای,۱۲۳٫۰۰۰٫۰۰۰ تومان,۰,۲۰۱۹ - ۱۳۹۸
توافقی,فروشی,مشهد، فلسطین,دنده‌ای,۰,,,دنا معمولی
هستم,دنا معمولی 1700cc,مشهد، هدایت,دنده‌ای,۴٫۵۰۰,,,۲۰۱۸ - ۱۳۹۷
بدون رنگ,دنا معمولی 1700cc,مشهد، تربت حیدریه,سفید,دنده‌ای,۹۸٫۰۰۰٫۰۰۰ تومان,سنسور عقب و جلو ، کروز کنترل ، صندلی برقی ، آینه تاشو برقی,۲۰۱۵ - ۱۳۹۴
بدون رنگ,دنا معمولی,مشهد، مصلی,سفید,دنده‌ای,هستم,۹۰٫۰۰۰,۲۰۱۶ - ۱۳۹۵
,دنا معمولی,شیراز، پایگاه هوایی,۰,,,,۲۰۱۹ - ۱۳۹۸
بدون رنگ,دنا معمولی 1700cc,شیراز، باهنر شمالی,سفید صدفی,دنده‌ای,۱۲۴٫۰۰۰٫۰۰۰ تومان,سنسور عقب و جلو ، دی لایت ، صندلی کودک ، صندلی برقی ، آینه تاشو برقی,۲۰۱۹ - ۱۳۹۸
بدون رنگ,دنا معمولی,شیراز، امیرکبیر,نقدی,دنده‌ای,توافقی,دی لایت ، صندلی کودک ، صندلی برقی ، آینه تاشو برقی,۲۰۱۹ - ۱۳۹۸
بدون رنگ,دنا معمولی 1700cc,شیراز، باهنر جنوبی,نقدی,دنده‌ای,توافقی,سنسور عقب و جلو ، کولر دوال ، کروز کنترل ، صندلی برقی ، آینه تاشو برقی,۲۰۱۷ - ۱۳۹۶
بدون رنگ,دنا معمولی 1700cc,شیراز، ارم,سفید,دنده‌ای,۹۵٫۰۰۰٫۰۰۰ تومان,کروز کنترل ، دی لایت ، آینه تاشو برقی,۲۰۱۵ - ۱۳۹۴
دنده‌ای,دنا معمولی,شیراز، امیرکبیر,مشکی,۱۲۴٫۰۰۰٫۰۰۰ تومان,۰,,۲۰۱۹ - ۱۳۹۸
۲۸٫۰۰۰,دنا معمولی,شیراز، باهنر شمالی,۱۱۷٫۰۰۰٫۰۰۰ تومان,,,,۲۰۱۷ - ۱۳۹۶
بدون رنگ,دنا معمولی 1700cc,شیراز، کازرون,سفید,دنده‌ای,سنسور عقب و جلو ، صندلی برقی ، آینه تاشو برقی,۲۹۰,۲۰۱۹ - ۱۳۹۸
بدون رنگ,دنا معمولی 1700cc,شیراز، کازرون,سفید,دنده‌ای,۸۳٫۰۰۰٫۰۰۰ تومان,صندلی برقی ، آینه تاشو برقی,۲۰۱۴ - ۱۳۹۳
بدون رنگ,دنا معمولی 1700cc,شیراز، میدان معلم,آبی,دنده‌ای,۱۲۱٫۵۰۰٫۰۰۰ تومان,کروز کنترل,۲۰۱۸ - ۱۳۹۷
بدون رنگ,دنا معمولی 1700cc,شیراز، باهنر جنوبی,سفید,دنده‌ای,۱۲۶٫۰۰۰٫۰۰۰ تومان,۰,۲۰۱۹ - ۱۳۹۸
بدون رنگ,دنا معمولی 1700cc,شیراز، ادبیات,سفید,دنده‌ای,۹۲٫۰۰۰٫۰۰۰ تومان,۱۱۷٫۰۰۰,۲۰۱۵ - ۱۳۹۴
بدون رنگ,دنا معمولی 1700cc,کرج، کمالشهر,سفید,دنده‌ای,۱۱۸٫۵۰۰٫۰۰۰ تومان,سنسور عقب و جلو ، کروز کنترل ، صندلی برقی ، آینه تاشو برقی ، دوربین 360 درجه,۲۰۱۸ - ۱۳۹۷
,دنا معمولی,قم، بلوار امین,۰,,,,۲۰۱۹ - ۱۳۹۸
بدون رنگ,دنا معمولی,قم، زنبیل‌آباد (شهید صدوقی),سفید,دنده‌ای,۱۲۴٫۵۰۰٫۰۰۰ تومان,آینه تاشو برقی,۲۰۱۹ - ۱۳۹۸
دنده‌ای,دنا معمولی,قم، امام,خاکستری,۱۲۴٫۰۰۰٫۰۰۰ تومان,۰,,۲۰۱۹ - ۱۳۹۸
بدون رنگ,دنا معمولی 1700cc,قم، زنبیل‌آباد (شهید صدوقی),قسطی,دنده‌ای,توافقی,۰,۲۰۱۹ - ۱۳۹۸
بدون رنگ,دنا معمولی,تهران، میدان آزادی,سفید,دنده‌ای,۱۳۰٫۰۰۰٫۰۰۰ تومان,۰,۲۰۱۹ - ۱۳۹۸
دنده‌ای,دنا معمولی 1700cc,تهران، قیامدشت,بدون رنگ,۱۲۴٫۸۰۰٫۰۰۰ تومان,۱۹٫۰۰۰,,۲۰۱۸ - ۱۳۹۷
دو لکه رنگ,دنا معمولی 1700cc,مشهد، امام رضا,مشکی,دنده‌ای,۸۸٫۰۰۰٫۰۰۰ تومان,سنسور عقب و جلو ، کولر دوال ، کروز کنترل ، رادار ، صندلی کودک ، صندلی برقی ، آینه تاشو برقی,۲۰۱۴ - ۱۳۹۳
۰,دنا معمولی 1700cc,قم، زنبیل‌آباد (شهید صدوقی),دنده‌ای,,,,۲۰۱۹ - ۱۳۹۸
بدون رنگ,دنا معمولی,رشت,سفید,دنده‌ای,۱۲۰٫۰۰۰٫۰۰۰ تومان,۳۲٫۰۰۰,۲۰۱۸ - ۱۳۹۷
بدون رنگ,دنا معمولی 1700cc,رشت,سفید,دنده‌ای,فرمان برقی ، سنسور عقب و جلو ، کولر دوال ، کروز کنترل ، صندلی برقی ، آینه تاشو برقی,۸٫۰۰۰,۲۰۱۹ - ۱۳۹۸
بدون رنگ,دنا معمولی 1700cc,رشت,سفید,دنده‌ای,۹۵٫۰۰۰٫۰۰۰ تومان,۱٫۲۴۰,۲۰۱۵ - ۱۳۹۴
بدون رنگ,دنا معمولی,رشت,نقدی,دنده‌ای,توافقی,۰,۲۰۱۹ - ۱۳۹۸
بدون رنگ,دنا معمولی 1700cc,اهواز، کیانپارس,سفید,دنده‌ای,۱۰۹٫۰۰۰٫۰۰۰ تومان,۳۶٫۰۰۰,۲۰۱۶ - ۱۳۹۵
بدون رنگ,دنا معمولی 1700cc,اهواز، پردیس,سفید,دنده‌ای,۱۲۲٫۰۰۰٫۰۰۰ تومان,کولر دوال ، کروز کنترل ، رادار ، صندلی برقی ، آینه تاشو برقی ، کول باکس ، دوربین 360 درجه,۲۰۱۸ - ۱۳۹۷
بدون رنگ,دنا معمولی 1700cc,اهواز، کمپلوی شمالی (لشکر),سفید,دنده‌ای,۱۲۵٫۰۰۰٫۰۰۰ تومان,۰,۲۰۱۹ - ۱۳۹۸
یک لکه رنگ,دنا معمولی 1700cc,اهواز، کیانشهر,سفید,دنده‌ای,۹۴٫۰۰۰٫۰۰۰ تومان,فرمان برقی ، کولر دوال ، کروز کنترل ، صندلی برقی ، آینه تاشو برقی ، دوربین 360 درجه,۲۰۱۵ - ۱۳۹۴
بدون رنگ,دنا معمولی 1700cc,اهواز، کوی نبوت,سفید,دنده‌ای,۰,,۲۰۱۹ - ۱۳۹۸
۱۲۰٫۰۰۰٫۰۰۰ تومان,دنا معمولی 1700cc,اهواز، زیتون کارمندی,بدون رنگ,۰,,,۲۰۱۹ - ۱۳۹۸
بدون رنگ,دنا معمولی 1700cc,اهواز، آریاشهر,سفید,دنده‌ای,۹۸٫۰۰۰٫۰۰۰ تومان,سنسور عقب و جلو ، کروز کنترل ، صندلی برقی ، آینه تاشو برقی ، دوربین 360 درجه,۲۰۱۵ - ۱۳۹۴
بدون رنگ,دنا معمولی 1700cc,اهواز، کمپلو جنوبی (کوی انقلاب),سفید,دنده‌ای,۱۲۵٫۰۰۰٫۰۰۰ تومان,سنسور عقب و جلو ، کولر دوال ، رادار ، صندلی برقی ، آینه تاشو برقی ، حافظه صندلی ، دوربین 360 درجه,۲۰۱۹ - ۱۳۹۸
بدون رنگ,دنا معمولی,اهواز، کیانپارس,آبی,دنده‌ای,۱۰۵٫۰۰۰٫۰۰۰ تومان,سنسور عقب و جلو ، کروز کنترل ، رادار ، صندلی برقی ، آینه تاشو برقی ، دوربین 360 درجه,۲۰۱۶ - ۱۳۹۵
سنسور عقب و جلو ، کولر دوال ، کروز کنترل ، صندلی کودک ، صندلی برقی ، آینه تاشو برقی ، ترمز دستی برقی ، دوربین 360 درجه,دنا معمولی,اهواز، امانیه,توافقی,۶۰٫۰۰۰,,,۲۰۱۷ - ۱۳۹۶
دنده‌ای,دنا معمولی 1700cc,اهواز، امانیه,سفید,۰,,,۲۰۱۹ - ۱۳۹۸
بدون رنگ,دنا معمولی,اهواز، کیانپارس,خاکستری,دنده‌ای,۱۲۷٫۰۰۰٫۰۰۰ تومان,۰,۲۰۱۹ - ۱۳۹۸
دو لکه رنگ,دنا معمولی,اهواز، آریاشهر,سفید,دنده‌ای,۱۰۲٫۰۰۰٫۰۰۰ تومان,کولر دوال ، کروز کنترل ، دی لایت ، صندلی برقی ، آینه تاشو برقی ، دوربین 360 درجه,۲۰۱۶ - ۱۳۹۵
بدون رنگ,دنا معمولی 1700cc,اهواز، باهنر,مشکی,دنده‌ای,۱۱۵٫۰۰۰٫۰۰۰ تومان,سنسور عقب و جلو ، کروز کنترل ، رادار ، صندلی برقی ، آینه تاشو برقی,۲۰۱۷ - ۱۳۹۶
بدون رنگ,دنا معمولی,اهواز، گلستان,سفید,دنده‌ای,۹۵٫۰۰۰٫۰۰۰ تومان,سنسور عقب و جلو ، کروز کنترل ، صندلی برقی ، آینه تاشو برقی ، دوربین 360 درجه,۲۰۱۵ - ۱۳۹۴
بدون رنگ,دنا معمولی 1700cc,اهواز، امانیه,سفید,دنده‌ای,سنسور عقب و جلو ، کروز کنترل ، رادار ، صندلی برقی ، آینه تاشو برقی,۲٫۰۰۰,۲۰۱۸ - ۱۳۹۷
بدون رنگ,دنا معمولی 1700cc,اهواز، شریعتی جنوبی,سفید,دنده‌ای,۰,,۲۰۱۹ - ۱۳۹۸
دنده‌ای,دنا معمولی 1700cc,اهواز، کوی مهدیس,نقره‌ای,۱۰۷٫۰۰۰٫۰۰۰ تومان,سنسور عقب و جلو ، کروز کنترل ، صندلی برقی,۷۵٫۰۰۰,۲۰۱۶ - ۱۳۹۵
بدون رنگ,دنا معمولی 1700cc,اهواز، آریاشهر,نوک‌مدادی,دنده‌ای,۱۲۲٫۷۰۰٫۰۰۰ تومان,سنسور عقب و جلو ، صندلی برقی ، آینه تاشو برقی,۲۰۱۹ - ۱۳۹۸
بدون رنگ,دنا معمولی 1700cc,اهواز، کیانپارس,نقدی,دنده‌ای,توافقی,سنسور عقب و جلو ، دی لایت ، صندلی برقی ، آینه تاشو برقی,۲۰۱۹ - ۱۳۹۸
۰,فروشی,اهواز، کیانپارس,توافقی,,,,دنا معمولی
دو لکه رنگ,دنا معمولی,اهواز، گلستان,سفید,دنده‌ای,۹۵٫۰۰۰٫۰۰۰ تومان,سنسور عقب و جلو ، کروز کنترل ، صندلی برقی ، آینه تاشو برقی ، دوربین 360 درجه,۲۰۱۵ - ۱۳۹۴
بدون رنگ,دنا معمولی 1700cc,اهواز، گلستان,نوک‌مدادی,دنده‌ای,۱۲۴٫۵۰۰٫۰۰۰ تومان,سنسور عقب و جلو ، صندلی برقی ، آینه تاشو برقی,۲۰۱۹ - ۱۳۹۸
۱۰۶٫۰۰۰٫۰۰۰ تومان,دنا معمولی,رشت,دنده‌ای,۹۰,,,۲۰۱۶ - ۱۳۹۵
۱۰۵٫۰۰۰٫۰۰۰ تومان,دنا معمولی,رشت,دنده‌ای,سنسور عقب و جلو ، کولر دوال ، کروز کنترل ، صندلی برقی ، آینه تاشو برقی ، ترمز دستی برقی,۶۲٫۰۰۰,,۲۰۱۶ - ۱۳۹۵
توافقی,دنا معمولی 1700cc,قم، انسجام,تک برگی,۰,,,۲۰۱۹ - ۱۳۹۸
دنده‌ای,دنا معمولی 1700cc,قم، امام,نقدی,توافقی,۰,,۲۰۱۹ - ۱۳۹۸
,دنا معمولی,قم، زنبیل‌آباد (شهید صدوقی),,,,,۲۰۱۹ - ۱۳۹۸
یک لکه رنگ,دنا معمولی 1700cc,قم، بلوار ۱۵ خرداد,سفید,دنده‌ای,۹۵٫۰۰۰٫۰۰۰ تومان,سنسور عقب و جلو ، کروز کنترل ، رادار ، دی لایت ، صندلی برقی ، آینه تاشو برقی,۲۰۱۶ - ۱۳۹۵
چند لکه رنگ,دنا معمولی,قم، توحید,سفید,دنده‌ای,۱۱۳٫۰۰۰٫۰۰۰ تومان,سنسور عقب و جلو ، کروز کنترل ، رادار ، دی لایت ، صندلی برقی ، آینه تاشو برقی,۲۰۱۸ - ۱۳۹۷
بدون رنگ,دنا معمولی,رشت,سفید,دنده‌ای,هستم,فرمان برقی ، سنسور عقب و جلو ، کروز کنترل ، دی لایت ، صندلی برقی ، آینه تاشو برقی ، کول باکس ، دوربین 360 درجه,۲۰۱۷ - ۱۳۹۶
بدون رنگ,دنا معمولی 1700cc,قم، آزادگان,سفید,دنده‌ای,۰,,۲۰۱۹ - ۱۳۹۸
بدون رنگ,دنا معمولی 1700cc,قم، سالاریه,سفید,دنده‌ای,۱۲۵٫۰۰۰٫۰۰۰ تومان,۰,۲۰۱۹ - ۱۳۹۸
دو لکه رنگ,دنا معمولی 1700cc,رشت,سفید,دنده‌ای,۱۰۱٫۰۰۰٫۰۰۰ تومان,۸۰٫۰۰۰,۲۰۱۶ - ۱۳۹۵
بدون رنگ,دنا معمولی 1700cc,قم، توحید,سفید,دنده‌ای,رادار ، صندلی کودک ، صندلی برقی ، آینه تاشو برقی,۵۰۰٫۰۰۰,۲۰۱۹ - ۱۳۹۸
دنده‌ای,دنا معمولی,قم، جمهوری,سفید,۹۸٫۰۰۰٫۰۰۰ تومان,سنسور عقب و جلو ، کروز کنترل ، صندلی برقی ، آینه تاشو برقی,۸۶٫۰۰۰,۲۰۱۶ - ۱۳۹۵
,دنا معمولی 1700cc,رشت,۰,,,,۲۰۱۹ - ۱۳۹۸
بدون رنگ,دنا معمولی 1700cc,اهواز، شریعتی جنوبی,سفید,دنده‌ای,۰,,۲۰۱۹ - ۱۳۹۸
بدون رنگ,دنا معمولی 1700cc,رشت,نقره‌ای,دنده‌ای,۸۷٫۰۰۰٫۰۰۰ تومان,۱۱۱٫۴۰۰,۲۰۱۴ - ۱۳۹۳
بدون رنگ,دنا معمولی 1700cc,رشت,سفید,دنده‌ای,۱۱۵٫۰۰۰٫۰۰۰ تومان,۴۲,۲۰۱۷ - ۱۳۹۶
چند لکه رنگ,دنا معمولی 1700cc,مشهد، سعدی,مشکی,دنده‌ای,۹۷٫۰۰۰٫۰۰۰ تومان,سنسور عقب و جلو ، کروز کنترل ، صندلی برقی ، آینه تاشو برقی,۲۰۱۶ - ۱۳۹۵
بدون رنگ,دنا معمولی 1700cc,رشت,سفید,دنده‌ای,فرمان برقی ، سنسور عقب و جلو ، کولر دوال ، کروز کنترل ، صندلی برقی ، آینه تاشو برقی,۵۹٫۰۰۰,۲۰۱۶ - ۱۳۹۵
بدون رنگ,دنا معمولی 1700cc,قم، آزادگان,سفید,دنده‌ای,۰,,۲۰۱۹ - ۱۳۹۸
بدون رنگ,دنا معمولی 1700cc,قم، جمهوری,نقدی,دنده‌ای,توافقی,۱,۲۰۱۹ - ۱۳۹۸
